-- phpMyAdmin SQL Dump
-- version 5.0.2
-- https://www.phpmyadmin.net/
--
-- Máy chủ: 127.0.0.1
-- Thời gian đã tạo: Th12 08, 2020 lúc 04:53 PM
-- Phiên bản máy phục vụ: 10.4.13-MariaDB
-- Phiên bản PHP: 7.4.8

SET SQL_MODE = "NO_AUTO_VALUE_ON_ZERO";
START TRANSACTION;
SET time_zone = "+00:00";


/*!40101 SET @OLD_CHARACTER_SET_CLIENT=@@CHARACTER_SET_CLIENT */;
/*!40101 SET @OLD_CHARACTER_SET_RESULTS=@@CHARACTER_SET_RESULTS */;
/*!40101 SET @OLD_COLLATION_CONNECTION=@@COLLATION_CONNECTION */;
/*!40101 SET NAMES utf8mb4 */;

--
-- Cơ sở dữ liệu: `shopgiay3`
--

-- --------------------------------------------------------

--
-- Cấu trúc bảng cho bảng `aboutus`
--

CREATE TABLE `aboutus` (
  `id` bigint(20) UNSIGNED NOT NULL,
  `title` varchar(255) COLLATE utf8mb4_unicode_ci NOT NULL,
  `icon` varchar(255) COLLATE utf8mb4_unicode_ci NOT NULL,
  `description` longtext COLLATE utf8mb4_unicode_ci NOT NULL,
  `position` int(11) NOT NULL,
  `is_active` int(11) NOT NULL,
  `created_at` timestamp NULL DEFAULT NULL,
  `updated_at` timestamp NULL DEFAULT NULL
) ENGINE=InnoDB DEFAULT CHARSET=utf8mb4 COLLATE=utf8mb4_unicode_ci;

--
-- Đang đổ dữ liệu cho bảng `aboutus`
--

INSERT INTO `aboutus` (`id`, `title`, `icon`, `description`, `position`, `is_active`, `created_at`, `updated_at`) VALUES
(1, 'Mãi Bên Bạn', 'fa-heart', 'Cảm ơn bạn đã luôn đồng hành cùng chúng tôi', 1, 1, '2020-07-10 09:27:28', '2020-07-10 10:02:29'),
(3, 'Vận Chuyển Nhanh Chóng', 'fa-truck', '<p>Vận chuyển nhanh ch&oacute;ng tiết kiệm</p>', 2, 1, '2020-07-10 10:04:38', '2020-07-10 10:04:38'),
(4, 'Thanh Toán', 'fa-credit-card', '<p>Bảo đảm an to&agrave;n&nbsp;</p>', 3, 1, '2020-07-10 10:06:34', '2020-07-10 10:06:34'),
(5, 'Hỗ Trợ', 'fa-headphones', '<p>Sẵn sàng hỗ trợ bạn mọi lúc</p>', 4, 1, '2020-07-10 10:07:38', '2020-07-21 21:39:38');

-- --------------------------------------------------------

--
-- Cấu trúc bảng cho bảng `admins`
--

CREATE TABLE `admins` (
  `id` bigint(20) UNSIGNED NOT NULL,
  `name` varchar(255) COLLATE utf8mb4_unicode_ci DEFAULT NULL,
  `email` varchar(255) COLLATE utf8mb4_unicode_ci DEFAULT NULL,
  `password` varchar(255) COLLATE utf8mb4_unicode_ci DEFAULT NULL,
  `role_id` int(11) NOT NULL DEFAULT 1,
  `avatar` varchar(255) COLLATE utf8mb4_unicode_ci DEFAULT NULL,
  `is_active` int(11) NOT NULL DEFAULT 1,
  `remember_token` varchar(100) COLLATE utf8mb4_unicode_ci DEFAULT NULL,
  `created_at` timestamp NULL DEFAULT NULL,
  `updated_at` timestamp NULL DEFAULT NULL
) ENGINE=InnoDB DEFAULT CHARSET=utf8mb4 COLLATE=utf8mb4_unicode_ci;

--
-- Đang đổ dữ liệu cho bảng `admins`
--

INSERT INTO `admins` (`id`, `name`, `email`, `password`, `role_id`, `avatar`, `is_active`, `remember_token`, `created_at`, `updated_at`) VALUES
(4, 'Nam Lưu', 'AkiraNam1999@gmail.com', '$2y$10$L1x.UWgQfHlU5N3swI5p7uuWmGEdl8ajl14NDID8cKtk3AUElLS0O', 1, 'uploads/user/1592330686_avatar_2.jpg', 1, 'cfrhjbS5Hg2gyRWhdNuVCqrbnCQPLypZ0oB1cRAfSsCPQoevuE94bYrBFvFf', '2020-06-09 18:59:43', '2020-08-23 11:19:23'),
(10, 'admin', 'admin@gmail.com', '$2y$10$K57V/8AIiHvZkMWgF7Ub1u25pWxWkk9uox7AYwNmLwRDyEq8KL5FK', 2, 'uploads/user/1594806839_be-your-telegram-group-admin.jpg', 1, 'bWVXmn2I9sjBWaDvhyGJnC3FIqOMGTHea1c4fWVHkFoC6NLyStKl4UdEccS6', '2020-07-12 19:40:16', '2020-07-14 19:53:59');

-- --------------------------------------------------------

--
-- Cấu trúc bảng cho bảng `banners`
--

CREATE TABLE `banners` (
  `id` bigint(20) UNSIGNED NOT NULL,
  `title` varchar(255) COLLATE utf8mb4_unicode_ci NOT NULL,
  `slug` varchar(255) COLLATE utf8mb4_unicode_ci DEFAULT NULL,
  `image` varchar(255) COLLATE utf8mb4_unicode_ci NOT NULL,
  `url` varchar(255) COLLATE utf8mb4_unicode_ci DEFAULT NULL,
  `target` int(11) NOT NULL,
  `description` longtext COLLATE utf8mb4_unicode_ci DEFAULT NULL,
  `type` int(11) NOT NULL DEFAULT 1,
  `position` int(11) NOT NULL,
  `is_active` int(11) NOT NULL,
  `created_at` timestamp NULL DEFAULT NULL,
  `updated_at` timestamp NULL DEFAULT NULL
) ENGINE=InnoDB DEFAULT CHARSET=utf8mb4 COLLATE=utf8mb4_unicode_ci;

--
-- Đang đổ dữ liệu cho bảng `banners`
--

INSERT INTO `banners` (`id`, `title`, `slug`, `image`, `url`, `target`, `description`, `type`, `position`, `is_active`, `created_at`, `updated_at`) VALUES
(8, 'Ảnh Bìa 1', 'anh-bia-1', 'uploads/banner/1591874142_banner-1_master.jpg', '/chi-tiet-san-pham/giay-the-thao-nam-bitis-hunter-street-x-vietmax-2020-bst-hanoi-culture-patchwork-lake-turquoise-xanh-ngoc_24', 1, NULL, 1, 5, 1, '2020-06-10 21:15:42', '2020-07-21 05:16:33'),
(9, 'Ảnh Bìa 2', 'anh-bia-2', 'uploads/banner/1591874380_banner-2.webp', '/danh-muc/phu-kien', 1, NULL, 1, 3, 1, '2020-06-10 21:19:40', '2020-07-13 23:42:45'),
(10, 'Ảnh Bìa 3', 'anh-bia-3', 'uploads/banner/1591886742_banner_hunter1__lp__f23ae981ad4c4098a6c6e2db3355bd32_master.webp', '/chi-tiet-san-pham/giay-the-thao-nu-bitis-hunter-x-2k19-jet-black-den_30', 1, NULL, 1, 1, 1, '2020-06-11 00:45:42', '2020-07-13 23:31:58'),
(11, 'Ưu đãi Bitis', 'uu-dai-bitis', 'uploads/banner/1593342174_2048.webp', NULL, 2, NULL, 2, 1, 1, '2020-06-27 21:02:54', '2020-07-21 05:19:46'),
(12, 'Ưu đãi Gosto', 'uu-dai-gosto', 'uploads/banner/1593342212_2048 (1).webp', NULL, 2, NULL, 2, 2, 1, '2020-06-27 21:03:32', '2020-07-21 21:40:00');

-- --------------------------------------------------------

--
-- Cấu trúc bảng cho bảng `blogs`
--

CREATE TABLE `blogs` (
  `id` bigint(20) UNSIGNED NOT NULL,
  `title` varchar(255) COLLATE utf8mb4_unicode_ci NOT NULL,
  `slug` varchar(255) COLLATE utf8mb4_unicode_ci DEFAULT NULL,
  `image` varchar(255) COLLATE utf8mb4_unicode_ci NOT NULL,
  `admin_id` bigint(20) UNSIGNED DEFAULT NULL,
  `url` varchar(255) COLLATE utf8mb4_unicode_ci NOT NULL,
  `position` int(11) NOT NULL,
  `is_active` int(11) NOT NULL,
  `description` longtext COLLATE utf8mb4_unicode_ci DEFAULT NULL,
  `created_at` timestamp NULL DEFAULT NULL,
  `updated_at` timestamp NULL DEFAULT NULL
) ENGINE=InnoDB DEFAULT CHARSET=utf8mb4 COLLATE=utf8mb4_unicode_ci;

--
-- Đang đổ dữ liệu cho bảng `blogs`
--

INSERT INTO `blogs` (`id`, `title`, `slug`, `image`, `admin_id`, `url`, `position`, `is_active`, `description`, `created_at`, `updated_at`) VALUES
(11, 'CẨM NANG PHÒNG TRÁNH LÂY NHIỄM VIRUS CORONA: 7 BƯỚC CẦN LÀM NGAY', 'cam-nang-phong-tranh-lay-nhiem-virus-corona-7-buoc-can-lam-ngay', 'uploads/product/1594290607_1593421273_e_39b824591591_image_hires_145617_c1ab0801cbcf4bbba8417036f8524b91_f2e0b368016f4bc892710ca7c34db901_large.webp', NULL, 'bitis.vn', 5, 1, '<p><em>Trong bối cảnh dịch virus Corona (2019-nCoV) đ&atilde; xuất hiện ở Việt Nam, điều quan trọng hơn bao giờ hết l&agrave; giữ g&igrave;n vệ sinh nh&agrave; cửa, vệ sinh c&aacute; nh&acirc;n, loại sạch mầm bệnh để bảo vệ sức khỏe bản th&acirc;n v&agrave; gia đ&igrave;nh.</em><br />\r\n&nbsp;</p>\r\n\r\n<p style=\"text-align:center\"><img alt=\"bitis_cam_nang_phong_tranh_lay_nhiem_virus_corona_7_buoc_can_lam_ngay01\" height=\"400\" src=\"/ckfinder/userfiles/images/Blog/untitled-4_f9ed6c32cf5a42a9918dcd28101ca864_grande.jpg\" width=\"600\" /></p>\r\n\r\n<p><em>Rửa tay l&agrave; một trong số c&aacute;c bước cần l&agrave;m để ph&ograve;ng ngừa dịch bệnh trong bối cảnh dịch virus Corona diễn biến phức tạp.&nbsp;</em></p>\r\n\r\n<p><br />\r\n<strong>1. Vệ sinh c&aacute;c thiết bị c&ocirc;ng nghệ</strong></p>\r\n\r\n<p>Bạn c&oacute; biết l&agrave; điện thoại c&oacute; nhiều vi tr&ugrave;ng hơn cả bệ toilet? Đ&oacute; l&agrave; bởi tay bạn thường xuy&ecirc;n chạm v&agrave;o điện thoại ngay cả khi vừa mở vừa, ăn uống hay cầm v&agrave;o tay vịn tr&ecirc;n c&aacute;c phương tiện giao th&ocirc;ng c&ocirc;ng cộng. Th&ecirc;m v&agrave;o đ&oacute;, c&aacute;c loại dầu tr&ecirc;n da cũng khiến vi khuẩn ph&aacute;t triển mạnh.</p>\r\n\r\n<p style=\"text-align:center\"><img alt=\"bitis_cam_nang_phong_tranh_lay_nhiem_virus_corona_7_buoc_can_lam_ngay02\" height=\"400\" src=\"/ckfinder/userfiles/images/Blog/untitled-4_bb3b04b3d9c446f2b00aae20f775225e_grande.jpg\" width=\"600\" /></p>\r\n\r\n<p><em>Cần vệ sinh c&aacute;c thiết bị c&ocirc;ng nghệ ph&ograve;ng dịch bệnh.</em></p>\r\n\r\n<p>H&atilde;y h&igrave;nh th&agrave;nh th&oacute;i quen h&agrave;ng ng&agrave;y vệ sinh tất cả c&aacute;c thiết bị c&ocirc;ng nghệ, trong đ&oacute; c&oacute; điện thoại di động v&agrave; b&agrave;n ph&iacute;m, hạn chế cho người kh&aacute;c mượn trong giai đoạn n&agrave;y bởi virus Corona c&oacute; thể l&acirc;y lan nếu người bệnh ho hoặc hắt hơi khi sử dụng c&aacute;c thiết bị n&agrave;y.</p>\r\n\r\n<p><strong>2. D&ugrave;ng m&aacute;y l&agrave;m sạch kh&ocirc;ng kh&iacute;/mở cửa sổ th&ocirc;ng tho&aacute;ng</strong></p>\r\n\r\n<p>M&aacute;y l&agrave;m sạch kh&ocirc;ng kh&iacute; cũng c&oacute; thể c&oacute; &iacute;ch trong thời gian dịch bệnh n&agrave;y. Phần lớn c&aacute;c m&aacute;y l&agrave;m sạch kh&ocirc;ng kh&iacute; lọc c&aacute;c phần tử lớn như mạt bụi v&agrave; phấn hoa gi&uacute;p giảm nguy cơ h&iacute;t phải những phần tử c&oacute; thể g&acirc;y ho.</p>\r\n\r\n<p>Nếu gia đ&igrave;nh c&oacute; m&aacute;y lọc HEPA, m&aacute;y lọc n&agrave;y c&oacute; thể lọc c&aacute;c hạt c&oacute; k&iacute;ch thước nhỏ khoảng 0,3 micron, trong đ&oacute; c&oacute; nhiều vi khuẩn v&agrave; một số virus.</p>\r\n\r\n<p>Một số loại m&aacute;y lọc cũng c&oacute; thể l&agrave;m được nhiều hơn thế, trong đ&oacute; c&oacute; m&aacute;y lọc c&oacute; thể giải ph&oacute;ng vi sinh vật sống c&oacute; lợi cho sức khỏe hay c&ograve;n gọi l&agrave; lợi khuẩn v&agrave;o kh&ocirc;ng kh&iacute; v&agrave; c&aacute;c bề mặt trong nh&agrave;. Những lợi khuẩn n&agrave;y c&oacute; thể g&oacute;p phần ngăn chặn vi khuẩn v&agrave; virus kh&ocirc;ng c&oacute; lợi.</p>\r\n\r\n<p><strong>3. Rửa tay thường xuy&ecirc;n v&agrave; đ&uacute;ng c&aacute;ch</strong></p>\r\n\r\n<p>Rửa tay đ&uacute;ng c&aacute;ch l&agrave; th&oacute;i quen thiết yếu cần được h&igrave;nh th&agrave;nh, đặc biệt với trẻ nhỏ. Để khắc s&acirc;u th&oacute;i quen n&agrave;y, n&ecirc;n gắn một bảng quy tr&igrave;nh rửa tay chi tiết tr&ecirc;n bồn rửa tay.</p>\r\n\r\n<p>Bạn cũng c&oacute; thể d&ugrave;ng hộp đựng x&agrave; ph&ograve;ng tự động để giảm thiểu tiếp x&uacute;c với tay bẩn.</p>\r\n\r\n<p><strong>4. Lau dọn thường xuy&ecirc;n, đặc biệt l&agrave; với c&aacute;c khu vực đi lại li&ecirc;n tục ở trong nh&agrave;</strong></p>\r\n\r\n<p>Vi tr&ugrave;ng c&oacute; thể bị đưa từ b&ecirc;n ngo&agrave;i v&agrave;o, đặc biệt l&agrave; nếu c&aacute;c th&agrave;nh vi&ecirc;n trong gia đ&igrave;nh thường về nh&agrave; m&agrave; kh&ocirc;ng thay quần &aacute;o hoặc tắm rửa ngay. Điều tương tự cũng c&oacute; thể xảy ra khi bạn b&egrave; v&agrave; người th&acirc;n đến thăm nh&agrave; trong m&ugrave;a lễ hội.</p>\r\n\r\n<p style=\"text-align:center\"><img alt=\"bitis_cam_nang_phong_tranh_lay_nhiem_virus_corona_7_buoc_can_lam_ngay03\" height=\"400\" src=\"/ckfinder/userfiles/images/Blog/untitled-4_a75fa30df5e2454cb0adf8318284bf09_grande.jpg\" width=\"600\" /></p>\r\n\r\n<p><em>N&ecirc;n thường xuy&ecirc;n lau dọn nh&agrave; cửa, nhất l&agrave; những nơi nhiều người di chuyển.</em></p>\r\n\r\n<p>Để ph&ograve;ng ngừa trong m&ugrave;a dịch bệnh, h&atilde;y đảm bảo nh&agrave; được h&uacute;t bụi v&agrave; thường xuy&ecirc;n lau dọn, trong đ&oacute; c&oacute; lau sạch c&aacute;c tay nắm cửa ra v&agrave;o bằng dung dịch nước ấm v&agrave; muối trắng (1/2 cốc cho - đừng qu&ecirc;n c&aacute;c n&uacute;m cửa! - với dung dịch nước ấm v&agrave; giấm trắng (1/2 cốc cho 3-4 l&iacute;t nước). Axit axetic trong giấm trắng sẽ diệt c&aacute;c vi khuẩn v&agrave; virus.</p>\r\n\r\n<p><strong>5. Vệ sinh đồ đạc l&agrave;m từ vải bằng nhiệt</strong></p>\r\n\r\n<p>L&agrave;m sạch sofa, thảm bằng c&ocirc;ng nghệ steam cleaning (c&ocirc;ng nghệ h&oacute;a hơi nước) nếu c&oacute; nhiều người sử dụng thường xuy&ecirc;n trong kỳ nghỉ lễ vừa qua. C&ocirc;ng nghệ n&agrave;y gi&uacute;p khử m&ugrave;i v&agrave; vệ sinh những đồ d&ugrave;ng n&agrave;y m&agrave; kh&ocirc;ng phải sử dụng h&oacute;a chất.</p>\r\n\r\n<p>ương tự, nếu c&oacute; khăn tay hoặc khăn bếp thường xuy&ecirc;n được nhiều người sử dụng, h&atilde;y giặt ch&uacute;ng bằng nước thật n&oacute;ng, từ 60 độ C trở l&ecirc;n &iacute;t nhất 1 lần một tuần để loại bỏ vi khuẩn ph&aacute;t triển mạnh tr&ecirc;n những bề mặt ẩm ướt.</p>\r\n\r\n<p><strong>6. &quot;C&aacute;ch ly&quot; t&uacute;i, gi&agrave;y v&agrave; quần &aacute;o</strong></p>\r\n\r\n<p>Bởi t&uacute;i, gi&agrave;y v&agrave; quần &aacute;o bạn mặc đi ra ngo&agrave;i đ&atilde; tiếp x&uacute;c với nhiều người n&ecirc;n c&oacute; thể l&agrave; đ&atilde; bị bắn c&aacute;c dịch do ho hoặc hắt hơi. Do đ&oacute;, c&aacute;c vật dụng n&agrave;y cần được l&agrave;m sạch thường xuy&ecirc;n v&agrave; bảo quản đ&uacute;ng c&aacute;ch.</p>\r\n\r\n<p>D&agrave;nh ri&ecirc;ng một ngăn tủ để chứa tất c&aacute;c t&uacute;i x&aacute;ch gần cửa v&agrave;o. Ngo&agrave;i ra, n&ecirc;n c&oacute; chỗ để cất gi&agrave;y d&eacute;p, đồ bẩn cần giặt thay v&igrave; để đồ lung tung trong nh&agrave;.</p>\r\n\r\n<p><strong>7. Sử dụng khăn lau kh&aacute;ng khuẩn</strong></p>\r\n\r\n<p>Rửa tay bằng nước n&oacute;ng v&agrave; x&agrave; ph&ograve;ng l&agrave; c&aacute;ch tốt nhất để loại bỏ c&aacute;c chất bẩn nhưng kh&ocirc;ng phải l&uacute;c n&agrave;o cũng sẵn c&oacute;. Trong trường hợp đ&oacute;, khăn lau kh&aacute;ng khuẩn l&agrave; lựa chọn th&iacute;ch hợp.</p>\r\n\r\n<p>Khi mua khăn lau, cần ch&uacute; &yacute; vật liệu để l&agrave;m khăn lau. Nếu l&agrave;m từ polyester, khăn lau cần tới h&agrave;ng trăm năm để ph&acirc;n hủy cũng như c&oacute; thể g&acirc;y tắc nghẽn v&agrave; &ocirc; nhiễm. N&ecirc;n chọn khăn l&agrave;m từ vật liệu c&oacute; thể ph&acirc;n hủy, như khăn lau từ c&aacute;c sợi gỗ.</p>\r\n\r\n<p>Ngo&agrave;i ra c&oacute; thể sử dụng nước rửa tay.&nbsp;</p>\r\n\r\n<p><em>Theo B&aacute;o Lao Động - nguồn</em>&nbsp;<strong>@Laodong.vn</strong></p>', '2020-06-13 11:57:33', '2020-07-10 17:27:22'),
(12, 'BÙNG NỔ KHUYẾN MÃI \"SIÊU SALE SIÊU SỐC\" (29/04/2020 – 10/05/2020)', 'bung-no-khuyen-mai-sieu-sale-sieu-soc-29042020-10052020', 'uploads/product/1594290599_1593421234_face-01_96d1b3566cc143618ff8890d8ade2399_master.webp', NULL, 'bitis.vn', 3, 1, '<p>Cơn b&atilde;o &ldquo;SI&Ecirc;U SALE SI&Ecirc;U SỐC&rdquo; từ Biti&rsquo;s sẵn s&agrave;ng thổi bay m&ugrave;a h&egrave; n&oacute;ng bức,bạn đ&atilde; sẵn s&agrave;ng</p>\r\n\r\n<p>C&ugrave;ng tham gia chương tr&igrave;nh khuyến m&atilde;i được tr&ocirc;ng đợi nhất m&ugrave;a h&egrave; với h&agrave;ng ng&agrave;n sản phẩm khuyến m&atilde;i kh&ocirc;ng thể bỏ qua!</p>\r\n\r\n<p style=\"text-align:center\"><img alt=\"bitis_bung_no_khuyen_mai_sieu_sale_sieu_soc_29_04_2020_10_05_202001\" height=\"301\" src=\"/ckfinder/userfiles/images/Blog/face-01_96d1b3566cc143618ff8890d8ade2399_master.webp\" width=\"600\" /></p>\r\n\r\n<p><br />\r\nK&eacute;o d&agrave;i l&ecirc;n đến 12 ng&agrave;y: Từ 29/04 đến hết ng&agrave;y 10/05/2020.</p>\r\n\r\n<p>Giảm gi&aacute; từ 20 &ndash; 50% cho tất cả c&aacute;c sản phẩm trưng b&agrave;y tại của h&agrave;ng.</p>\r\n\r\n<p>C&aacute;c d&ograve;ng sản phẩm HOT (giới hạn/theo m&ugrave;a) sẽ giảm gi&aacute; từ 15 - 20%.</p>\r\n\r\n<p>C&ograve;n chần chờ g&igrave; nữa, nhanh ch&acirc;n đến c&aacute;c cửa h&agrave;ng Biti&rsquo;s v&agrave; Biti&rsquo;s Hunter gần nhất để chọn được sản phẩm ưng &yacute; cho bạn v&agrave; gia đ&igrave;nh nh&eacute;.</p>\r\n\r\n<p>*Chương tr&igrave;nh &aacute;p dụng tại to&agrave;n bộ cửa h&agrave;ng tiếp thị Biti&rsquo;s, Biti&rsquo;s Hunter v&agrave; c&aacute;c đại l&yacute; Biti&#39;s trọng điểm tr&ecirc;n to&agrave;n quốc, bao gồm cả CH Biti&rsquo;s Cambodia.</p>\r\n\r\n<p><strong><em>Biti&#39;s - N&acirc;ng niu b&agrave;n ch&acirc;n Việt!</em></strong></p>', '2020-06-13 11:59:21', '2020-07-10 17:25:11'),
(13, 'ĐI ĐỂ TRỞ VỀ 2 – CHUYẾN ĐI CỦA NĂM: THÔNG ĐIỆP Ý NGHĨA NHẤT DÀNH CHO NGƯỜI TRẺ', 'di-de-tro-ve-2-chuyen-di-cua-nam-thong-diep-y-nghia-nhat-danh-cho-nguoi-tre', 'uploads/product/1594290588_1593421305_promotion_banner.jpg', NULL, 'bitis.vn', 3, 1, '<p><em>0h00 ph&uacute;t ng&agrave;y 1/1/2018, MV ch&iacute;nh thức &rdquo;Đi để trở về 2 &ndash; Chuyến đi của năm&rdquo; từ Biti&rsquo;s Hunter, Soobin Ho&agrave;ng Sơn v&agrave; Ti&ecirc;n Cookie đ&atilde; l&ecirc;n s&oacute;ng, gửi gắm đến những người trẻ th&ocirc;ng điệp &yacute; nghĩa nhất năm.</em><br />\r\n<br />\r\n<em>Đời nhiều cuộc phi&ecirc;u du nhưng chuyến m&agrave; ta mong đợi nhất<br />\r\nChẳng phải l&agrave; chuyến đi về nh&agrave; hay sao?<br />\r\nĐi xa để trở về ch&iacute;nh nơi, gia đ&igrave;nh chờ mong ta<br />\r\nKh&ocirc;ng thể chờ nữa đ&acirc;u ta phải về th&ocirc;i!</em><br />\r\n<br />\r\nTrong năm người trẻ c&oacute; rất nhiều chuyến đi để nối d&agrave;i những trải nghiệm v&agrave; từ đ&oacute; để trưởng th&agrave;nh hơn. Nhưng điều kỳ diệu l&agrave; trong mu&ocirc;n v&agrave;n những chuyến đi, vẫn c&oacute; một chuyến đi đặc biệt nhất, cảm x&uacute;c nhất, chuyến đi mong đợi nhất v&agrave; cũng l&agrave; chuyến đi quen thuộc nhất, ch&iacute;nh l&agrave; chuyến đi để trở về, để đo&agrave;n tụ, để kể với gia đ&igrave;nh về những h&agrave;nh tr&igrave;nh, những trải nghiệm những kỉ niệm buồn lẫn vui &ldquo;đ&atilde; từng trải qua&rdquo;!<br />\r\n<br />\r\nC&agrave;ng đi xa, c&agrave;ng đi nhiều th&igrave; chuyến đi về nh&agrave; c&agrave;ng đong đầy cảm x&uacute;c.<br />\r\nV&igrave; cuối c&ugrave;ng Đi thật xa cũng l&agrave; để trở về, thật trọn vẹn!</p>\r\n\r\n<p>Theo bước ch&acirc;n ch&agrave;ng ca sĩ Soobin Ho&agrave;ng Sơn tr&ecirc;n chuyến đi &yacute; nghĩa nhất năm &ndash; Đi để trở về, đ&ocirc;i gi&agrave;y &ldquo;huyền thoại&rdquo; Midnight Black c&ugrave;ng BST Holiday&rsquo;s on the Move</p>\r\n\r\n<h2>Đ&Ocirc;I MIDNIGHT BLACK C&Ugrave;NG BST MỚI NHẤT HOLIDAY&rsquo;S ON THE MOVE XUẤT HIỆN ĐẦY NGHỆ THUẬT TRONG NHỮNG THƯỚC PHIM HUYỀN ẢO CỦA MV.</h2>\r\n\r\n<p>Theo bước ch&acirc;n ch&agrave;ng ca sĩ Soobin Ho&agrave;ng Sơn tr&ecirc;n chuyến đi &yacute; nghĩa nhất năm &ndash; Đi để trở về, đ&ocirc;i gi&agrave;y &ldquo;huyền thoại&rdquo; Midnight Black c&ugrave;ng BST Holiday&rsquo;s on the Move đ&atilde; c&oacute; những m&agrave;n xuất hiện đầy tinh tế v&agrave; nghệ thuật giữa tiếng c&ograve;i t&agrave;u, trong khung cảnh n&ecirc;n thơ của hồ Tuyền L&acirc;m, c&aacute;nh đồng ng&agrave;n hoa của xứ Đ&agrave; Lạt thơ mộng v&agrave; tr&ecirc;n con đường nhỏ về với gia đ&igrave;nh m&igrave;nh.</p>', '2020-06-13 12:00:26', '2020-07-10 17:24:36'),
(15, 'TRẢI NGHIỆM NGAY BITI’S CONCEPT STORE ĐẦU TIÊN TẠI HÀ NỘI TẠI L3 – VINCOM PHẠM NGỌC THẠCH VỚI VÔ VÀN ƯU ĐÃI', 'trai-nghiem-ngay-bitis-concept-store-dau-tien-tai-ha-noi-tai-l3-vincom-pham-ngoc-thach-voi-vo-van-uu-dai', 'uploads/product/1594290576_1593420972_artboard_1_1bcaaa386e9c48f9b49c0396f6454856_grande.webp', NULL, 'bitis.vn', 2, 1, '<p>Sau bao ng&agrave;y chờ đợi, cuối c&ugrave;ng Biti&rsquo;s đ&atilde; c&oacute; thể giới thiệu tới những người y&ecirc;u mến tại thủ đ&ocirc; một kh&ocirc;ng gian hiện đại, phong c&aacute;ch để trải nghiệm những sản phẩm thuộc &ldquo;Kỷ nguy&ecirc;n mới của N&acirc;ng Niu B&agrave;n Ch&acirc;n Việt&rdquo;.</p>\r\n\r\n<p style=\"text-align:center\"><img alt=\"\" height=\"250\" src=\"/ckfinder/userfiles/images/Blog/artboard_1_1bcaaa386e9c48f9b49c0396f6454856_grande.webp\" width=\"500\" /></p>\r\n\r\n<p>Cửa h&agrave;ng concept store đầu ti&ecirc;n của Biti&rsquo;s tại H&agrave; th&agrave;nh sẽ&nbsp;<strong>CH&Iacute;NH THỨC RA MẮT NG&Agrave;Y 06/03/2020 TẠI L3 &ndash; VINCOM PHẠM NGỌC THẠCH.</strong></p>\r\n\r\n<p>TẬP HỢP C&Aacute;C D&Ograve;NG SẢN PHẨM ĐƯỢC TUYỂN CHỌN, từ những đ&ocirc;i sneaker phong c&aacute;ch Biti&rsquo;s Hunter cho h&agrave;nh tr&igrave;nh trải nghiệm, d&ograve;ng sản phẩm mới gi&agrave;y đ&aacute; b&oacute;ng theo ti&ecirc;u chuẩn s&acirc;n cỏ nh&acirc;n tạo tới những thiết kế cool nhất, lung linh nhất cho trẻ em v&agrave; ph&aacute;i nữ, Biti&rsquo;s Concept Store sẽ l&agrave; địa điểm mua sắm gi&agrave;y d&eacute;p l&yacute; tưởng cho c&aacute;c gia đ&igrave;nh hiện đại.</p>\r\n\r\n<p>Đặc biệt, V&Ocirc; V&Agrave;N ƯU Đ&Atilde;I sẽ được Biti&rsquo;s d&agrave;nh cho những kh&aacute;ch h&agrave;ng đến trải nghiệm trong 03 ng&agrave;y đầu khai trương!</p>\r\n\r\n<p><strong><em>Giảm ngay 15%</em></strong><em>&nbsp;cho mọi sản phẩm (06/03-08/03) &ndash; quả l&agrave; l&yacute; tưởng để sắm gi&agrave;y tặng cho ph&aacute;i nữ đ&uacute;ng kh&ocirc;ng n&agrave;o.</em></p>\r\n\r\n<p style=\"text-align:center\"><img alt=\"\" height=\"500\" src=\"/ckfinder/userfiles/images/Blog/artboard_2_copy_3_a94267b0e7fe43238f0404bb53234551_grande.webp\" width=\"500\" /></p>\r\n\r\n<p><strong><em>Check-in 100% nhận qu&agrave;</em></strong><em>&nbsp;với c&aacute;c giải thưởng từ t&uacute;i tote thời trang, voucher 50.000, 100.000 v&agrave; 500.000 đồng chỉ trong ng&agrave;y 06/03.</em></p>\r\n\r\n<p style=\"text-align:center\"><img alt=\"\" height=\"500\" src=\"/ckfinder/userfiles/images/Blog/artboard_2_copy_6ddeca6ef43d4da39d3e1b628b9d905c_grande.webp\" width=\"500\" /></p>\r\n\r\n<p>Biti&rsquo;s mong chờ sự ch&agrave;o đ&oacute;n nhiệt t&igrave;nh của bạn để ch&uacute;ng t&ocirc;i c&oacute; thể tiếp tục tạo n&ecirc;n những h&agrave;nh tr&igrave;nh mới mẻ v&agrave; đầy phong c&aacute;ch cho c&aacute;c Biti&rsquo;s fans H&agrave; Nội.</p>\r\n\r\n<p><em>Địa điểm:</em>&nbsp;Lầu 3, Vincom Phạm Ngọc Thạch, số 2 Phạm Ngọc Thạch, Trung Tự, Đống Đa, H&agrave; Nội</p>\r\n\r\n<p><strong><em>Thời gian:</em>&nbsp;06/03/2020</strong></p>\r\n\r\n<p>V&agrave; đừng qu&ecirc;n ng&oacute;ng chờ nhiều bất ngờ nữa từ Concept Store của Biti&rsquo;s trong thời gian tới nữa nh&eacute;!</p>', '2020-06-28 11:56:12', '2020-07-12 08:12:46'),
(17, 'Đoàn Văn Hậu - bài học cho ước mơ xuất ngoại của cầu thủ Việt', 'doan-van-hau-bai-hoc-cho-uoc-mo-xuat-ngoai-cua-cau-thu-viet', 'uploads/category/1594617139_80527589-2738381752866547-2756-2096-2125-1594603942.jpg', NULL, 'vnexpress.net', 1, 1, '<p>Việc hậu vệ Đo&agrave;n Văn Hậu phải rời SC Heerenveen trở về đ&aacute; V-League c&ugrave;ng CLB H&agrave; Nội đặt ra nhiều vấn đề cho b&oacute;ng đ&aacute; Việt Nam.</p>\r\n\r\n<p><strong>Văn Hậu về nước kh&ocirc;ng n&ecirc;n xem l&agrave; một thất bại</strong>. Thứ nhất, anh vẫn trẻ, cơ hội c&ograve;n nhiều. Cầu thủ Việt Nam đầu ti&ecirc;n xuất ngoại thi đấu ở một giải đẳng cấp cao hơn Việt Nam l&agrave; L&ecirc; Huỳnh Đức, sang Tr&ugrave;ng Kh&aacute;nh (Trung Quốc) khi 29 tuổi. Người thứ hai l&agrave; L&ecirc; C&ocirc;ng Vinh, sang Bồ Đ&agrave;o Nha l&uacute;c gần 25 tuổi. C&aacute;c cầu thủ Xu&acirc;n Trường, Tuấn Anh hay C&ocirc;ng Phượng đều xuất ngoại khi 21 tuổi. Thứ hai, giải VĐQG H&agrave; Lan - Eredivisie - vốn đẳng cấp cao. Theo đ&aacute;nh gi&aacute; của Li&ecirc;n đo&agrave;n Thống k&ecirc; Thế giới (IHHFS) năm 2019, Eredivisie đứng thứ t&aacute;m, trong khi V-League xếp vị tr&iacute; 85. Cần c&oacute; g&oacute;c nh&igrave;n s&ograve;ng phẳng ở trường hợp n&agrave;y, bởi gần như Văn Hậu đ&atilde; phải thực hiện một điều bất khả thi. D&ugrave; chưa v&agrave;o s&acirc;n một ph&uacute;t n&agrave;o ở Eredivisie, ch&iacute; &iacute;t, anh vẫn l&agrave; một cầu thủ trong đội h&igrave;nh được đăng k&yacute; của Heerenveen v&agrave; nhận lương theo ti&ecirc;u chuẩn tốt nhất.</p>\r\n\r\n<p>Tất nhi&ecirc;n, từ giải đấu trong top 10 thế giới trở lại thi đấu ở V-League l&agrave; một bước l&ugrave;i kh&ocirc;ng cần b&agrave;n c&atilde;i. Vấn đề l&agrave; tại sao Văn Hậu kh&ocirc;ng thể chuyển từ H&agrave; Lan sang thi đấu ở một giải ch&acirc;u &Acirc;u kh&aacute;c c&oacute; đẳng cấp thấp hơn, như Na Uy hoặc Thụy Điển? Thậm ch&iacute;, sang Anh thi đấu ở giải hạng Nhất cũng kh&ocirc;ng k&eacute;m phần danh gi&aacute;. Từ H&agrave; Lan m&agrave; trở về Việt Nam sẽ khiến cửa trở lại ch&acirc;u &Acirc;u của Văn Hậu kh&oacute; khăn hơn rất nhiều.</p>\r\n\r\n<p>Đ&acirc;y ch&iacute;nh l&agrave; mấu chốt của vấn đề, v&agrave; l&agrave;m nảy sinh c&acirc;u hỏi:&nbsp;<strong>Bản chất của việc H&agrave; Nội FC đưa Văn Hậu sang ch&acirc;u &Acirc;u l&agrave; g&igrave;?</strong>&nbsp;Đ&oacute; l&agrave; một ph&eacute;p t&iacute;nh sai hay đơn thuần chuyến đi chỉ phục vụ một toan t&iacute;nh l&agrave;m ăn n&agrave;o đ&oacute; của bầu Hiển?</p>\r\n\r\n<p>Tr&ograve;n 10 năm trước, ch&iacute;nh bầu Hiển chứ kh&ocirc;ng ai kh&aacute;c đ&atilde; đưa C&ocirc;ng Vinh sang ch&acirc;u &Acirc;u. Khi đ&oacute;, mọi thứ kh&ocirc;ng ồn &agrave;o như trường hợp của Văn Hậu, v&igrave; bản chất của hợp đồng khi đ&oacute; l&agrave; H&agrave; Nội vừa cho CLB Leixoes mượn trong bốn th&aacute;ng, vừa phải trả lương v&agrave; nhờ con trai của HLV Henrique Calisto l&agrave;m m&ocirc;i giới để tiền đạo người Nghệ An c&oacute; thể thi đấu. V&igrave; thế, đ&oacute; chỉ l&agrave; hoạt động đ&aacute;nh b&oacute;ng h&igrave;nh ảnh l&uacute;c bầu Hiển mới ch&acirc;n ướt ch&acirc;n r&aacute;o l&agrave;m b&oacute;ng đ&aacute; chuy&ecirc;n nghiệp, l&eacute;p vế ho&agrave;n to&agrave;n so với bầu Đức, bầu Thắng... Những nhu cầu ấy b&acirc;y giờ kh&ocirc;ng c&ograve;n.</p>\r\n\r\n<p>Nhưng c&aacute;ch l&agrave;m đ&oacute;, h&oacute;a ra lại hiệu quả, khi C&ocirc;ng Vinh được đ&aacute; bốn trận ở giải VĐQG v&agrave; ghi b&agrave;n tại Cup Quốc gia Bồ Đ&agrave;o Nha. Cũng ch&iacute;nh v&igrave; thế, m&agrave; H&agrave; Nội FC sẵn s&agrave;ng thực hiện h&agrave;nh động ấy một lần nữa, khi đ&agrave;m ph&aacute;n hỗ trợ tiền lương cho Văn Hậu, với niềm tin rằng cầu thủ Việt Nam c&oacute; thể chơi b&oacute;ng ở ch&acirc;u &Acirc;u. Kh&ocirc;ng lẽ 10 năm trước c&ograve;n được, tại sao b&acirc;y giờ lại kh&ocirc;ng?</p>\r\n\r\n<p style=\"text-align:center\"><img alt=\"\" height=\"350\" src=\"/ckfinder/userfiles/images/Blog/le-cong-vinh-o-chau-au-ho-coi-8667-4270-1594603942.jpg\" width=\"500\" /></p>\r\n\r\n<p>Sự lạc quan ấy ch&iacute;nh l&agrave; vấn đề. Đ&oacute; c&oacute; thể l&agrave; sai lầm lớn nhất trong chuyến h&agrave;nh tr&igrave;nh dang dở của Văn Hậu. CLB H&agrave; Nội đưa Văn Hậu sang H&agrave; Lan với một mơ ước vừa rất xa m&agrave; lại qu&aacute; gần: được thi đấu ở Eredivisie. Người h&acirc;m mộ Việt Nam cũng vậy. D&ugrave; băn khoăn về khoảng c&aacute;ch tr&igrave;nh độ, ai cũng muốn thấy Hậu v&agrave;o s&acirc;n chơi b&oacute;ng tại H&agrave; Lan. Sự kỳ vọng đ&oacute; lớn đến mức một đ&agrave;i truyền h&igrave;nh c&ograve;n mua quyền ph&aacute;t s&oacute;ng mọi trận đấu của Heerenveen. Đ&oacute; đương nhi&ecirc;n kh&ocirc;ng phải l&agrave; kiểu niềm tin m&ugrave; qu&aacute;ng. Văn Hậu c&oacute; tuổi trẻ, h&igrave;nh thể ph&ugrave; hợp, vị tr&iacute; thi đấu cũng kh&ocirc;ng qu&aacute; cạnh tranh khốc liệt v&agrave; năng lực đ&atilde; được thừa nhận &iacute;t nhất l&agrave; ở tầm ch&acirc;u &Aacute;. Với số đ&ocirc;ng, vấn đề chỉ l&agrave; thời gian...</p>\r\n\r\n<p><strong>Đ&oacute; l&agrave; điều người h&acirc;m mộ Việt Nam muốn thấy ở Văn Hậu, nhưng lại kh&ocirc;ng hẳn l&agrave; điều m&agrave; Heerenveen quan t&acirc;m</strong>. M&ugrave;a 2019-2020, theo trang chuy&ecirc;n về định gi&aacute; chuyển nhượng&nbsp;<em>Tranfermarkt</em>, Heerenveen bỏ ra khoảng 3,3 triệu euro (3,74 USD) để mua cầu thủ. Đa số l&agrave; họ mượn, như trường hợp của Văn Hậu. Ở chiều ngược lại, CLB H&agrave; Lan thu về 12,85 triệu euro nhờ b&aacute;n, đ&atilde; bao gồm c&aacute;c cầu thủ ra đi tự do. C&aacute;c con số n&agrave;y lần lượt ở những m&ugrave;a trước đ&oacute; như sau: m&ugrave;a 2018-2019 mua 1,39 triệu euro - b&aacute;n 10,15 triệu euro; m&ugrave;a 2017-2018: mua 4,65 triệu euro v&agrave; b&aacute;n 14,20 triệu euro... Thống k&ecirc; trong v&ograve;ng 10 m&ugrave;a gần nhất, số tiền m&agrave; Heevereen mua cầu thủ trung b&igrave;nh chiếm khoảng 20% so với số họ b&aacute;n ra.</p>\r\n\r\n<p>Những hợp đồng b&aacute;n cầu thủ c&oacute; gi&aacute; trị cao của Heerenveen chủ yếu đến từ c&aacute;c trường hợp do họ đ&agrave;o tạo. Đ&acirc;y cũng l&agrave; hoạt động b&igrave;nh thường của b&oacute;ng đ&aacute; H&agrave; Lan, nơi họ chuy&ecirc;n đ&agrave;o tạo cầu thủ v&agrave; b&aacute;n cho c&aacute;c CLB lớn. Nhưng thương vụ c&oacute; l&atilde;i nhất của Heevereen trong thời gian n&agrave;y, lại đến từ cầu thủ m&agrave; họ mua về rồi b&aacute;n lại, Alfred Finnbogason. Năm 23 tuổi, trung phong người Iceland chuyển đến Heerenveen từ một đội hạng nh&igrave; của giải Bỉ (thấp hơn nơi m&agrave; C&ocirc;ng Phượng thi đấu), gi&aacute; chuyển nhượng khi đ&oacute; chỉ 0,6 triệu euro. Hai năm sau, khi b&aacute;n Finnbogason cho Real Sociedad, Heereveen bỏ t&uacute;i 8 triệu euro.</p>\r\n\r\n<p>Những đội b&oacute;ng như Heevereen kh&ocirc;ng tồn tại để tham gia c&aacute;c cuộc đua v&ocirc; địch hay kiếm tiền từ th&agrave;nh t&iacute;ch thi đấu. Từ năm 2010, Heevereen được c&ocirc;ng nhận như một CLB c&oacute; t&iacute;nh an to&agrave;n t&agrave;i ch&iacute;nh cao nhất trong b&oacute;ng đ&aacute; H&agrave; Lan, ấy l&agrave; nhờ khả năng mua b&aacute;n cầu thủ. Nếu nh&igrave;n từ g&oacute;c độ n&agrave;y, sẽ thấy thứ m&agrave; Heevereen muốn thấy ở Văn Hậu.</p>\r\n\r\n<p>T&agrave;i năng của Văn Hậu chắc chắn được đội b&oacute;ng H&agrave; Lan thẩm định tốt, n&ecirc;n mới sẵn s&agrave;ng trả lương. Nhưng ngo&agrave;i điều đ&oacute; ra, h&agrave;nh trang của Văn Hậu khi đến H&agrave; Lan kh&ocirc;ng c&oacute; g&igrave; kh&aacute;c. Tr&igrave;nh độ ngoại ngữ, năng lực giao tiếp, khả năng chịu sức &eacute;p về t&acirc;m l&yacute; của một cầu thủ da m&agrave;u, gốc ch&acirc;u &Aacute; liệu đ&atilde; c&oacute; ai đề cập hoặc trang bị cho Văn Hậu chưa? Ch&uacute;ng ta đưa Văn Hậu đi bằng một suy nghĩ vừa đơn giản, vừa ng&acirc;y thơ rằng chỉ năng lực giỏi l&agrave; sẽ c&oacute; tương lai. Nhưng nếu xem Heereveen l&agrave; một c&ocirc;ng ty quốc tế, c&aacute;i họ cần ở Văn Hậu l&agrave; khả năng th&iacute;ch ứng v&agrave; tiềm năng gia tăng gi&aacute; trị.</p>\r\n\r\n<p style=\"text-align:center\"><img alt=\"\" height=\"331\" src=\"/ckfinder/userfiles/images/Blog/102917033-3182937055077679-633-7191-8584-1594603942.jpg\" width=\"500\" /></p>\r\n\r\n<p>Danh s&aacute;ch thị trường b&aacute;n cầu thủ của Heereveen chủ yếu l&agrave; Ph&aacute;p, Đức, T&acirc;y Ban Nha, chứ kh&ocirc;ng phải Anh hay c&aacute;c quốc gia n&oacute;i ng&ocirc;n ngữ phổ dụng n&agrave;y. Trong khi đ&oacute;, ngoại ngữ chắc chắn l&agrave; điểm yếu của Văn Hậu. Ngoại ngữ m&agrave; yếu, chắc chắn l&agrave; kh&oacute; th&iacute;ch ứng với cuộc sống, với những truyền đạt chuy&ecirc;n m&ocirc;n từ HLV. Đấy l&agrave; chưa n&oacute;i đến sự h&ograve;a nhập với đời sống ch&acirc;u &Acirc;u, với việc chỉ ở một m&igrave;nh.</p>\r\n\r\n<p>Đấy c&oacute; thể l&agrave; thứ m&agrave; Heevereen thấy Văn Hậu kh&ocirc;ng c&oacute;, nhưng lại l&agrave; thứ m&agrave; họ cần nhất khi quyết định đầu tư cho c&aacute;c cầu thủ nước ngo&agrave;i, nếu muốn b&aacute;n cho đội b&oacute;ng kh&aacute;c với gi&aacute; cao. Một CLB như Heevereen hẳn kh&ocirc;ng c&oacute; l&yacute; do g&igrave; để mượn Văn Hậu chỉ phục vụ thi đấu. Họ sẵn s&agrave;ng mua, k&yacute; hợp đồng d&agrave;i hạn, v&agrave; đương nhi&ecirc;n khi đ&oacute; sẽ tạo điều kiện để Văn Hậu v&agrave;o s&acirc;n nhằm &quot;ch&agrave;o h&agrave;ng&quot;. Nhưng tất cả những điều đ&oacute; sẽ chẳng c&oacute; &yacute; nghĩa g&igrave;, nếu Văn Hậu, ngo&agrave;i t&agrave;i năng, thiếu to&agrave;n bộ c&aacute;c yếu tố c&ograve;n lại.</p>\r\n\r\n<p>Mười năm trước, C&ocirc;ng Vinh sang ch&acirc;u &Acirc;u, v&agrave; trong tự truyện, anh đ&atilde; nhắc nhiều đến trở ngại khủng khiếp về ngoại ngữ, t&acirc;m l&yacute; v&agrave; sự c&ocirc; đơn m&agrave; một cầu thủ Việt Nam phải đối mặt. Nhưng 10 năm sau, H&agrave; Nội FC vẫn kh&ocirc;ng l&agrave;m g&igrave; kh&aacute;c cho Văn Hậu, ngo&agrave;i việc bố tr&iacute; người đại diện của anh c&oacute; mặt tại H&agrave; Lan. Thế n&ecirc;n, việc Văn Hậu về lại đ&aacute; ở V-League kh&ocirc;ng phải l&agrave; một thất bại. Nhưng nếu cứ tiếp tục &quot;xuất khẩu&quot; cầu thủ theo c&aacute;ch m&agrave; ch&uacute;ng ta muốn thấy, theo mơ ước đơn giản, th&igrave; những g&igrave; m&agrave; Văn Hậu vừa trải qua sẽ v&ocirc; c&ugrave;ng l&atilde;ng ph&iacute;.</p>', '2020-07-12 08:12:19', '2020-07-12 08:12:34'),
(18, 'Thủ khoa Ngoại giao giành ba học bổng của châu Âu', 'thu-khoa-ngoai-giao-gianh-ba-hoc-bong-cua-chau-au', 'uploads/category/1594617386_IMG-5921-JPG-2203-1594566359.jpg', NULL, 'vnexpress.net', 1, 1, '<p>Từng sợ tiếng Anh v&agrave; tr&igrave; ho&atilde;n du học, Trần Phương Mai nỗ lực trở th&agrave;nh một trong những thủ khoa của Học viện Ngoại giao, gi&agrave;nh trọn ba học bổng từ EU.</p>\r\n\r\n<p>Những ng&agrave;y cuối tuần, Trần Phương Mai, 23 tuổi, cựu sinh vi&ecirc;n ng&agrave;nh Quan hệ quốc tế, Học viện Ngoại giao (H&agrave; Nội), về thăm gia đ&igrave;nh tại Nam Định, tranh thủ ở b&ecirc;n bố mẹ trước khi sang ch&acirc;u &Acirc;u v&agrave;o th&aacute;ng 9 để học thạc sĩ hai năm.</p>\r\n\r\n<p>Mai ứng tuyển 6 chương tr&igrave;nh thạc sĩ v&agrave; đều được trao học bổng to&agrave;n phần gồm 100% học ph&iacute;, tiền sinh hoạt v&agrave; c&aacute;c chi ph&iacute; ph&aacute;t sinh kh&aacute;c. Trong đ&oacute;, Mai được Li&ecirc;n minh ch&acirc;u &Acirc;u trao tối đa ba học bổng Erasmus Mundus, lu&ocirc;n được coi l&agrave; danh gi&aacute; bậc nhất ch&acirc;u &Acirc;u về c&aacute;c lĩnh vực &quot;Euro culture&quot;, &quot;Global Studies&quot; v&agrave; &quot;European Politics and Society&quot;. Mỗi chương tr&igrave;nh thạc sĩ của Erasmus Mundus chỉ trao tối đa 20 suất học bổng n&ecirc;n tỷ lệ cạnh tranh to&agrave;n cầu rất lớn. C&aacute;c học bổng to&agrave;n phần c&ograve;n lại Mai gi&agrave;nh được đến từ Đại học Bắc Kinh, Đại học Thanh Hoa của Trung Quốc v&agrave; Đại học Groningen của H&agrave; Lan.</p>\r\n\r\n<p>&quot;Mỗi năm, một sinh vi&ecirc;n chỉ được nộp ba học bổng Erasmus Mundus n&ecirc;n việc gi&agrave;nh cả ba l&agrave; vinh dự lớn m&igrave;nh chưa từng nghĩ đến&quot;, Mai n&oacute;i.</p>\r\n\r\n<p>Từ nhỏ, qua những c&acirc;u chuyện của &ocirc;ng, vốn l&agrave; cựu cảnh s&aacute;t, Mai biết về nh&agrave; ngoại giao t&agrave;i ba L&ecirc; Đức Thọ, Hiệp định Paris v&agrave; rất nhiều c&acirc;u chuyện lịch sử sống động. D&ugrave; cả nh&agrave; kh&ocirc;ng ai theo ngoại giao, c&ocirc; b&eacute; Mai l&uacute;c đ&oacute; đ&atilde; nhen nh&oacute;m mong muốn l&agrave;m việc trong lĩnh vực n&agrave;y.</p>\r\n\r\n<p>Tuy nhi&ecirc;n, l&agrave;m ngoại giao th&igrave; cần giỏi tiếng Anh. Hai năm đầu bậc THCS, Mai thừa nhận tiếng Anh từng l&agrave; m&ocirc;n yếu v&agrave; sợ nhất v&igrave; trước đ&oacute; chỉ học văn to&aacute;n. Kh&ocirc;ng bật được hẳn l&ecirc;n, Mai ch&aacute;n nản, mất đi hứng th&uacute; học tập.</p>\r\n\r\n<p>Những tưởng ước mơ ngoại giao gặp r&agrave;o cản v&igrave; ngoại ngữ, đến khi v&agrave;o lớp 8, Mai được c&ocirc; gi&aacute;o chủ nhiệm mới ki&ecirc;n nhẫn dạy lại cho em to&agrave;n bộ kiến thức từ đầu. Được quan t&acirc;m, nữ sinh cảm thấy &quot;h&oacute;a ra tiếng Anh kh&ocirc;ng đ&aacute;ng gh&eacute;t như m&igrave;nh nghĩ&quot; v&agrave; bắt đầu chuy&ecirc;n t&acirc;m học h&agrave;nh hơn.</p>\r\n\r\n<p>Một năm sau, em tham dự đội tuyển học sinh giỏi m&ocirc;n tiếng Anh dự thi cấp tỉnh, mang về giải nhất duy nhất cho lớp v&agrave; sau đ&oacute; trở th&agrave;nh học sinh lớp chuy&ecirc;n Anh của trường THPT chuy&ecirc;n L&ecirc; Hồng Phong. Đến b&acirc;y giờ, Mai vẫn coi c&ocirc; gi&aacute;o chủ nhiệm năm lớp 8 l&agrave; người thay đổi cuộc đời em.</p>\r\n\r\n<p>L&ecirc;n THPT, Mai tiếp tục theo đuổi ước mơ trở th&agrave;nh nh&agrave; ngoại giao. L&uacute;c đ&oacute;, du học vẫn đang chưa qu&aacute; phổ biến tại Nam Định, chưa được ủng hộ v&agrave; đầu tư nhiều. Nữ sinh tự m&agrave;y m&ograve;, t&igrave;m hiểu về du học, c&aacute;ch chuẩn bị hồ sơ v&agrave; &ocirc;m ấp &quot;giấc mơ Mỹ&quot;. Mỗi cuối tuần, em lại tự bắt xe kh&aacute;ch l&ecirc;n H&agrave; Nội &ocirc;n IELTS v&agrave; SAT d&ugrave; sức &eacute;p thi đại học trong nước ng&agrave;y một lớn hơn.</p>\r\n\r\n<p>Ngay trước kỳ thi THPT quốc gia năm 2015, Mai nhận học bổng với mức hỗ trợ t&agrave;i ch&iacute;nh 60-70% học ph&iacute; của Đại học Tufts (Mỹ). Tuy nhi&ecirc;n, bố mẹ v&agrave; &ocirc;ng ngoại khuy&ecirc;n rằng nếu quyết t&acirc;m theo đuổi con đường ngoại giao, em cần hiểu Việt Nam trước, hiểu lịch sử h&igrave;nh th&agrave;nh, c&aacute;ch vận h&agrave;nh bộ m&aacute;y ch&iacute;nh trị, lợi &iacute;ch, quan điểm v&agrave; ch&iacute;nh s&aacute;ch của Việt Nam ra sao, từ đ&oacute; mới học về thế giới.</p>\r\n\r\n<p>B&ecirc;n cạnh đ&oacute;, cơ hội hội nhập với nước ngo&agrave;i kh&ocirc;ng phải &iacute;t, em vẫn c&oacute; thể vừa học trong nước vừa t&igrave;m cơ hội ra nước ngo&agrave;i học hỏi. C&ocirc; g&aacute;i 18 tuổi năm ấy quyết định ở lại Việt Nam v&agrave; nộp hồ sơ v&agrave;o Học viện Ngoại giao.</p>\r\n\r\n<p style=\"text-align:center\"><img alt=\"\" height=\"400\" src=\"/ckfinder/userfiles/images/Blog/Hitachi-Young-Leaders-Initiati-2849-8795-1594566359.jpg\" width=\"600\" /></p>\r\n\r\n<p>Với đầu v&agrave;o 7.0 IELTS, Mai tưởng việc học tiếng Anh bậc đại học sẽ nhẹ nh&agrave;ng nhưng ho&agrave;n to&agrave;n bị ngợp do tiếng Anh ngoại giao y&ecirc;u cầu rất cao. &quot;Bọn m&igrave;nh khi đ&oacute; vẫn xem tiếng Anh chuy&ecirc;n ng&agrave;nh l&agrave; điều &aacute;m ảnh. Do phải học v&agrave; hiểu về đặc th&ugrave; của ng&agrave;nh, IELTS 7.0 hay 7.5 vẫn c&oacute; thể trượt như thường&quot;, Mai kể.</p>\r\n\r\n<p>Mai cũng bị sốc khi thấy nhiều bạn nắm kiến thức lịch sử rất chắc. Học ngoại giao bắt buộc phải hiểu lịch sử, so với c&aacute;c bạn, Mai cho rằng m&igrave;nh c&ograve;n thiếu s&oacute;t n&ecirc;n tự động vi&ecirc;n &quot;phải cố th&ocirc;i&quot;. Tuy th&agrave;nh t&iacute;ch học tập kh&ocirc;ng tệ so với những g&igrave; em tưởng tượng v&agrave; mong muốn khi c&ograve;n ở cấp 3, Mai chưa h&agrave;i l&ograve;ng với năm học đầu ti&ecirc;n tại Học viện Ngoại giao.</p>\r\n\r\n<p>Do trong năm d&agrave;nh nhiều thời gian học tập, h&egrave; l&agrave; l&uacute;c nữ sinh cho m&igrave;nh thỏa sức tham dự c&aacute;c sự kiện giao lưu, trao đổi giữa c&aacute;c quốc gia. M&ugrave;a h&egrave; năm đầu ti&ecirc;n, Mai tham dự Hội nghị thượng đỉnh &Aacute;-&Acirc;u (ASEM) được tổ chức tại M&ocirc;ng Cổ, trở th&agrave;nh một trong hai đại diện của Việt Nam v&agrave; cũng l&agrave; người trẻ nhất trong lịch sử chương tr&igrave;nh được chọn để l&agrave;m trưởng đo&agrave;n đại biểu trong sự kiện m&ocirc; phỏng hội nghị n&agrave;y (Model ASEM).</p>\r\n\r\n<p>Lần đầu ti&ecirc;n &quot;được ra biển lớn&quot;, Mai vừa được l&agrave;m quen với thực tế ngoại giao, vừa biết th&ecirc;m nhiều tiền bối d&agrave;y dặn kinh nghiệm. Sau khi kết th&uacute;c chuỗi sự kiện, Mai c&oacute; cơ hội được n&oacute;i chuyện trực tiếp với gi&aacute;m đốc của chương tr&igrave;nh, thẳng thắn hỏi tại sao lại chọn em trong khi kiến thức ngoại giao v&agrave; kinh nghiệm l&agrave;m việc chưa nhiều so với anh chị kh&aacute;c. Nữ gi&aacute;m đốc cho biết c&ocirc; lựa chọn theo tiềm năng chứ kh&ocirc;ng theo độ tuổi v&agrave; th&agrave;nh t&iacute;ch hiện tại, dặn Mai kh&ocirc;ng bao giờ qu&aacute; sớm để trở th&agrave;nh người l&atilde;nh đạo. Cuộc n&oacute;i chuyện 10 ph&uacute;t nhưng đ&atilde; gi&uacute;p Mai tin tưởng v&agrave;o bản th&acirc;n v&agrave; đặt những mục ti&ecirc;u xa hơn.</p>\r\n\r\n<p>Trở về sau chuyến đi M&ocirc;ng Cổ, Mai tiếp tục dồn hết sức học tập. Em x&aacute;c định d&agrave;nh to&agrave;n bộ thời gian trong năm để học, c&ograve;n h&egrave; l&agrave; trải nghiệm v&agrave; kh&aacute;m ph&aacute;. Do đ&oacute;, trong bốn năm đại học Phương Mai vừa đảm bảo th&agrave;nh t&iacute;ch học tập top đầu, vừa c&oacute; thể đặt ch&acirc;n tới 14 quốc gia, c&oacute; nước đi 4-6 lần để tham dự c&aacute;c hoạt động giao lưu quốc tế.</p>\r\n\r\n<p style=\"text-align:center\"><img alt=\"\" height=\"450\" src=\"/ckfinder/userfiles/images/Blog/HN-Model-ASEM-tai-Ulaanbaatar-1262-5357-1594566360.jpg\" width=\"600\" /></p>\r\n\r\n<p>Năm 2019, tốt nghiệp với điểm 3,78/4, Mai trở th&agrave;nh thủ khoa đầu ra ng&agrave;nh Quan hệ quốc tế nhưng chưa vội du học thạc sĩ ngay. C&ocirc; g&aacute;i qu&ecirc; Nam Định d&agrave;nh thời gian một năm đi l&agrave;m để xem năng lực của m&igrave;nh so với m&ocirc;i trường l&agrave;m việc trong nước, từ đ&oacute; hiểu m&igrave;nh v&agrave; x&aacute;c định xem muốn học thạc sĩ về chuy&ecirc;n ng&agrave;nh n&agrave;o. Trong thời gian n&agrave;y, Mai đảm nhận đồng thời hai vị tr&iacute; l&agrave; điều phối dự &aacute;n cho một c&ocirc;ng ty Th&aacute;i Lan v&agrave; cố vấn hợp t&aacute;c cho một c&ocirc;ng ty Việt Nam.</p>\r\n\r\n<p>Th&aacute;ng 10-11/2019, Mai ứng tuyển 6 học bổng nhưng Covid-19 b&ugrave;ng ph&aacute;t, kh&ocirc;ng đại học n&agrave;o hồi &acirc;m đ&uacute;ng hạn. Chờ đợi hơn nửa năm, đ&atilde; c&oacute; l&uacute;c Mai khủng hoảng. Nếu kh&ocirc;ng đi được th&igrave; việc du học bị tr&igrave; ho&atilde;n qu&aacute; l&acirc;u, dẫn đến việc đi l&agrave;m chậm trễ. &quot;Với m&igrave;nh, du học l&agrave; c&ocirc;ng cụ cần để đạt mục ti&ecirc;u lớn hơn&quot;, Mai n&oacute;i.</p>\r\n\r\n<p>Được bạn b&egrave; v&agrave; người th&acirc;n động vi&ecirc;n, c&ocirc; g&aacute;i sinh năm 1997 lấy lại ch&uacute;t tinh thần v&agrave; đợi th&ecirc;m một thời gian nữa trước khi l&ecirc;n kế hoạch kh&aacute;c. Giữa th&aacute;ng 4, Mai bắt đầu nhận tin vui đầu ti&ecirc;n từ Đại học Bắc Kinh, sau đ&oacute; li&ecirc;n tiếp 5 đơn vị c&ograve;n lại đều chấp nhận hỗ trợ học bổng to&agrave;n phần. Tổng ba học bổng của Li&ecirc;n minh ch&acirc;u &Acirc;u gi&aacute; trị khoảng 150.000 euro (gần 4 tỷ đồng).</p>\r\n\r\n<p>Sau khi c&acirc;n nhắc, Mai lựa chọn học bổng Erasmus Mundus về &quot;Euro-culture&quot; tại 3-5 quốc gia gồm Đức, H&agrave; Lan v&agrave; c&oacute; thể tại Thụy Điển, Italy v&agrave; Ph&aacute;p trong hai năm. Học bổng n&agrave;y gi&uacute;p Mai hiểu s&acirc;u về ch&iacute;nh trị, x&atilde; hội v&agrave; văn h&oacute;a của ch&acirc;u &Acirc;u với c&aacute;ch tiếp cận đa chiều.</p>\r\n\r\n<p>Chị Hiền Nguyễn, gi&agrave;nh học bổng Erasmus Mundus kh&oacute;a 2018-2020 về Nghi&ecirc;n cứu ph&aacute;t triển to&agrave;n cầu, đ&atilde; hỗ trợ Mai từ khi bắt đầu chuẩn bị hồ sơ đến khi nhận kết quả. Chị Hiền đ&aacute;nh gi&aacute; Mai nỗ lực, ki&ecirc;n tr&igrave; v&agrave; chăm chỉ, th&agrave;nh t&iacute;ch c&aacute; nh&acirc;n v&agrave; kinh nghiệm em đạt được rất ấn tượng. &quot;Chứng kiến Mai đạt 6 học bổng to&agrave;n phần, t&ocirc;i v&ocirc; c&ugrave;ng tự h&agrave;o&quot;, chị Hiền n&oacute;i.</p>\r\n\r\n<p>So với bản th&acirc;n c&aacute;ch đ&acirc;y bốn năm, Mai cho rằng m&igrave;nh đ&atilde; tự tin hơn nhiều, biết c&aacute;ch l&agrave;m việc khoa học v&agrave; ki&ecirc;n định theo đuổi mục ti&ecirc;u. C&ocirc; g&aacute;i 23 tuổi x&aacute;c định sẽ trở về Việt Nam sau khi du học để theo đuổi c&ocirc;ng việc ngoại giao tại c&aacute;c bộ, ng&agrave;nh hoặc bộ phận đối ngoại tại doanh nghiệp. &quot;M&igrave;nh đang học th&ecirc;m tiếng Đức v&agrave; Trung, d&agrave;nh nhiều thời gian b&ecirc;n gia đ&igrave;nh trước khi l&ecirc;n đường kh&aacute;m ph&aacute; một ch&acirc;n trời mới đ&atilde; mong ước bao l&acirc;u nay&quot;, Mai n&oacute;i.</p>\r\n\r\n<p><strong>Thanh Hằng</strong></p>', '2020-07-12 08:16:26', '2020-07-12 08:16:26'),
(19, 'Thanh Hằng, Trọng Hiếu dự sự kiện ôtô tại Singapore', 'thanh-hang-trong-hieu-du-su-kien-oto-tai-singapore', 'uploads/category/1594617874_image001-2155-1575607683.jpg', NULL, 'vnexpress.net', 1, 1, '<p>Thanh Hằng v&agrave; Trọng Hiếu l&agrave; hai trong số c&aacute;c đại diện Việt Nam dự ra mắt d&ograve;ng xe điện Porsche Taycan của h&atilde;ng xe danh tiếng đến từ Đức.</p>\r\n\r\n<p style=\"text-align:center\"><img alt=\"\" height=\"622\" src=\"/ckfinder/userfiles/images/Blog/image007-9229-1575607683.jpg\" width=\"500\" /></p>\r\n\r\n<p>Với c&aacute; t&iacute;nh mạnh mẽ, Thanh Hằng l&agrave; một người h&acirc;m mộ của d&ograve;ng xe thể thao.</p>\r\n\r\n<p>Si&ecirc;u mẫu&nbsp;cho biết Taycan đột ph&aacute;, thể thao v&agrave; đầy cảm x&uacute;c, ph&ugrave; hợp với c&aacute; t&iacute;nh của c&ocirc;. &quot;T&ocirc;i lu&ocirc;n muốn hướng đến một cuộc sống hiện đại, đơn giản, chứa đựng c&aacute;i đẹp với sức quyến rũ m&atilde;nh liệt xuất ph&aacute;t từ b&ecirc;n trong&quot;, c&ocirc; n&oacute;i.</p>\r\n\r\n<p style=\"text-align:center\"><img alt=\"\" height=\"750\" src=\"/ckfinder/userfiles/images/Blog/image011-9833-1575607683.jpg\" width=\"500\" /></p>\r\n\r\n<p>L&agrave; fan của d&ograve;ng xe thể thao Đức, Ca sĩ Trọng Hiếu tiết lộ kh&ocirc;ng thể giấu nổi sự phấn kh&iacute;ch khi trực tiếp ngắm nh&igrave;n si&ecirc;u phẩm Porsche Taycan.</p>\r\n\r\n<p>Trọng Hiếu bị chinh phục trước d&ograve;ng xe Porsche Taycan bởi thiết kế thể thao đặc trưng, khoang l&aacute;i hiện đại</p>\r\n\r\n<p>Sự kiện ra mắt d&ograve;ng xe Porsche Taycan tại thị trường ch&acirc;u &Aacute; - Th&aacute;i B&igrave;nh Dương cũng h&eacute; lộ những thiết kế th&uacute; vị, được kết hợp giữa thương hiệu Porsche v&agrave; h&atilde;ng phim Lucasfilm - cha đẻ của series phim&nbsp;<em>Star Wars</em>&nbsp;đ&igrave;nh đ&aacute;m.</p>\r\n\r\n<p><strong>Hải My</strong></p>\r\n\r\n<p>&nbsp;</p>', '2020-07-12 08:24:34', '2020-07-12 08:24:34'),
(20, 'Vì sao giày Dior Nike được tín đồ săn lùng', 'vi-sao-giay-dior-nike-duoc-tin-do-san-lung', 'uploads/category/1594618153_giaydiornikeairjordan2-1594019-2342-6700-1594020036.jpg', NULL, 'vnexpress.net', 1, 1, '<p>Gi&agrave;y Dior Nike c&oacute; thể b&aacute;n lại với gi&aacute; gấp năm lần gi&aacute; gốc.</p>\r\n\r\n<p><a href=\"https://vnexpress.net/5-trieu-nguoi-san-lung-giay-dior-nike-4126050.html\">5 triệu người</a>&nbsp;tr&ecirc;n to&agrave;n cầu gi&agrave;nh cơ hội sở hữu một trong 8.000 đ&ocirc;i Dior x Nike Air Jordan 1 bằng h&igrave;nh thức bốc thăm may mắn. Thiết kế ra mắt trong bộ sưu tập Pre-Fall 2020 d&agrave;nh cho nam hồi th&aacute;ng 12/2019. Với gi&aacute; 2.000 - 2.200 USD, ch&uacute;ng l&agrave; đ&ocirc;i sneakers xa xỉ nhất trong lịch sử d&ograve;ng Air Jordan.</p>\r\n\r\n<p>Nhiều người cho rằng việc mua Dior x Nike Air Jordan 1 l&agrave; một khoản đầu tư th&ocirc;ng minh. Đầu th&aacute;ng 7, Dior đ&atilde; gửi thư ch&uacute;c mừng một số kh&aacute;ch h&agrave;ng may mắn đăng k&yacute; mua gi&agrave;y th&agrave;nh c&ocirc;ng. Theo&nbsp;<em>Sneakers News</em>, v&agrave;i người trong số n&agrave;y lập tức rao b&aacute;n lại tr&ecirc;n c&aacute;c trang web với gi&aacute; 10.000 USD.</p>\r\n\r\n<p>Dior x Nike Air Jordan 1 được y&ecirc;u th&iacute;ch bởi s&aacute;ng tạo lại m&oacute;n đồ kinh điển của huyền thoại b&oacute;ng rổ Michael Jordan với số lượng giới hạn, lại được mở b&aacute;n đ&uacute;ng dịp kỷ niệm 35 năm gi&agrave;y Air Jordan ra đời. Si&ecirc;u phẩm hot nhất năm nay phối hai m&agrave;u ch&iacute;nh l&agrave; x&aacute;m v&agrave; trắng ng&agrave;, với dấu Swoosh đặc trưng của Nike c&ugrave;ng họa tiết Oblique kinh điển của Dior. Thiết kế l&agrave;m bằng chất liệu da cao cấp, được gia c&ocirc;ng tại Italy.</p>\r\n\r\n<p>Sinh năm 1963, Michael Jordan l&agrave; một trong những cầu thủ b&oacute;ng rổ vĩ đại mọi thời. Ng&ocirc;i sao người Mỹ đưa m&ocirc;n b&oacute;ng rổ của NBA (Hiệp hội B&oacute;ng rổ Mỹ) phổ biến to&agrave;n thế giới trong thập ni&ecirc;n 1980 - 1990. Với khối t&agrave;i sản 1,85 tỷ USD, Michael Jordan l&agrave; vận động vi&ecirc;n kiếm nhiều tiền nhất thế giới. Năm 2015, &ocirc;ng l&agrave; vận động vi&ecirc;n đầu ti&ecirc;n trong lịch sử trở th&agrave;nh tỷ ph&uacute;.</p>\r\n\r\n<p>Theo&nbsp;<em>Highsnobiety</em>, Air Jordan 1 được v&iacute; l&agrave; vi&ecirc;n gạch đầu ti&ecirc;n đặt nền m&oacute;ng cho cuộc c&aacute;ch mạng gi&agrave;y b&oacute;ng rổ. Peter Moore thiết kế ri&ecirc;ng gi&agrave;y cho Michael Jordan năm 1984, với t&ocirc;ng chủ đạo đen v&agrave; đỏ theo m&agrave;u &aacute;o thi đấu của đội Chicago Bulls. Thiết kế ngay lập tức bị David Stern - Ủy vi&ecirc;n hội đồng NBA - b&aacute;c bỏ, bởi theo luật gi&agrave;y thi đấu ở NBA phải c&oacute; m&agrave;u trắng chủ đạo, trong khi Air Jordan 1 chỉ c&oacute; m&agrave;u trắng ở phần giữa.</p>\r\n\r\n<p style=\"text-align:center\"><img alt=\"\" height=\"742\" src=\"/ckfinder/userfiles/images/Blog/Michael-Jordan-1-1524-1594020034.jpg\" width=\"500\" /></p>\r\n\r\n<p><em>Michael Jordan v&agrave; đ&ocirc;i gi&agrave;y Air Jordan 1 đầu ti&ecirc;n trong trận đấu ở giải NBA năm 1985. Ảnh:&nbsp;GQ.</em></p>\r\n\r\n<p>Tuy nhi&ecirc;n, Michael Jordan vẫn mang đ&ocirc;i gi&agrave;y n&agrave;y trong trận đấu đầu ti&ecirc;n tại giải NBA năm 1985. &Ocirc;ng đ&atilde; đi n&oacute; trong suốt c&aacute;c trận đấu tiếp theo cho tới khi bị chấn thương ng&agrave;y 29/10 c&ugrave;ng năm. Điều đ&oacute; dấy l&ecirc;n tin đồn cứ mỗi lần Jordan đi gi&agrave;y l&agrave; một lần &ocirc;ng bị nộp phạt v&igrave; vi phạm luật đồng phục. Hồi th&aacute;ng 5, đ&ocirc;i gi&agrave;y Air Jordan 1 của &ocirc;ng được b&aacute;n đấu gi&aacute; 560.000 USD, cao gấp ba lần con số dự kiến.</p>\r\n\r\n<p>Sự kh&aacute;c biệt m&agrave;u sắc đ&atilde; ph&aacute; vỡ những chuẩn mực thiết kế gi&agrave;y b&oacute;ng rổ trước đ&acirc;y của Nike. C&ugrave;ng th&agrave;nh c&ocirc;ng của Michael Jordan v&agrave; chữ k&yacute; của &ocirc;ng tr&ecirc;n th&acirc;n gi&agrave;y, Air Jordan 1 trở th&agrave;nh mẫu gi&agrave;y b&oacute;ng rổ được săn l&ugrave;ng nhiều nhất d&ugrave; c&oacute; gi&aacute; 65 USD - cao ngất ngưởng khi đ&oacute;. Theo tờ&nbsp;<em>Chicago Tribune</em>, Nike thu về hơn 55 triệu USD từ việc b&aacute;n Air Jordan 1, vượt xa con số dự t&iacute;nh ban đầu 6,5 triệu USD. Air Jordan 1 được l&agrave;m lại nhiều lần qua c&aacute;c năm 1994, 2001-2004, 2007-2014, 2015, 2018 v&agrave; cho tới nay. Mỗi phi&ecirc;n bản retro c&oacute; v&agrave;i thay đổi về chất liệu, đường n&eacute;t, phối m&agrave;u.</p>\r\n\r\n<p style=\"text-align:center\"><img alt=\"\" height=\"750\" src=\"/ckfinder/userfiles/images/Blog/dior-pre-fall-2020-2639-1594020035.jpg\" width=\"500\" /></p>\r\n\r\n<p><em>Người mẫu đi Dior x Nike Air Jordan 1 mở m&agrave;n show Pre-Fall 2020 của Dior. Ảnh:&nbsp;Gorunway.</em></p>\r\n\r\n<p>Hiện Air Jordan 1 gồm năm nh&aacute;nh l&agrave; Low, Mid, High, KO v&agrave; Hybrid, từng nh&aacute;nh c&oacute; c&aacute;c sản phẩm ti&ecirc;u biểu. Tuy nhi&ecirc;n, Air Jordan 1 High, đặc biệt l&agrave; High OG - mẫu gi&agrave;y đầu ti&ecirc;n của Air Jordan 1 sản xuất năm 1985 - vẫn lu&ocirc;n l&agrave; phi&ecirc;n bản được y&ecirc;u th&iacute;ch nhất với c&aacute;c t&iacute;n đồ sneakers.</p>\r\n\r\n<ul>\r\n	<li><a href=\"https://vnexpress.net/5-trieu-nguoi-san-lung-giay-dior-nike-4126050.html\">5 triệu người săn l&ugrave;ng gi&agrave;y Dior Nike</a></li>\r\n	<li><a href=\"https://vnexpress.net/giay-cua-michael-jordan-duoc-dau-gia-hon-nua-trieu-usd-4101893.html\">Gi&agrave;y của Michael Jordan được đấu gi&aacute; hơn nửa triệu USD</a></li>\r\n</ul>\r\n\r\n<p><strong>&Yacute; Ly</strong></p>', '2020-07-12 08:29:13', '2020-07-12 08:29:13');
INSERT INTO `blogs` (`id`, `title`, `slug`, `image`, `admin_id`, `url`, `position`, `is_active`, `description`, `created_at`, `updated_at`) VALUES
(21, 'Cloud Element: Đôi giày thể thao lấy cảm hứng từ đường đua F1', 'cloud-element-doi-giay-the-thao-lay-cam-hung-tu-duong-dua-f1', 'uploads/category/1594618504_photo-4-15828667358001765877313.jpg', NULL, 'kenh14.vn', 1, 1, '<h2>Vừa l&ecirc;n kệ ng&agrave;y 17/2, Cloud Element đ&atilde; nhanh ch&oacute;ng trở th&agrave;nh &ldquo;bản phối&rdquo; ho&agrave;n hảo của những tinh hoa c&ocirc;ng nghệ v&agrave; kiểu d&aacute;ng lấy cảm hứng từ đường đua c&ocirc;ng thức 1. Được biết đ&acirc;y l&agrave; phi&ecirc;n bản thế hệ thứ 6 trong d&ograve;ng gi&agrave;y c&ocirc;ng nghệ Cloud đ&igrave;nh đ&aacute;m từ thương hiệu thể thao đến từ Ch&acirc;u &Aacute; &ndash; Li-Ning.</h2>\r\n\r\n<p><strong>Trọng lượng si&ecirc;u nhẹ, khả năng hấp thụ lực gi&uacute;p gia tăng vận tốc</strong></p>\r\n\r\n<p>Cloud Element thuộc d&ograve;ng sản phẩm c&oacute; trọng lượng nhẹ, si&ecirc;u &ecirc;m &aacute;i nhờ thừa hưởng c&ocirc;ng nghệ đế Cloud sở trường được Li-Ning duy tr&igrave; hơn 5 năm qua. Đặc biệt, ở phi&ecirc;n bản thứ 6 n&agrave;y, Li-Ning ch&uacute; trọng n&acirc;ng cao t&iacute;nh năng ở phần đế giữa. Qu&aacute; tr&igrave;nh nghi&ecirc;n cứu sau đ&oacute; được kiểm chứng bằng ch&iacute;nh c&aacute;c VĐV gi&uacute;p Li-Ning r&uacute;t ra được tầm quan trọng của khả năng hấp thụ lực, để rồi n&acirc;ng cấp tr&ecirc;n Cloud Element. Phi&ecirc;n bản mới c&oacute; khả năng hấp thụ v&agrave; t&aacute;i sử dụng năng lượng cực tốt, c&oacute; nghĩa sau mỗi bước chạy, đ&ocirc;i gi&agrave;y đ&atilde; c&oacute; thể gi&uacute;p bạn nhanh ch&oacute;ng bật bước kế tiếp. Nhờ khả năng n&agrave;y, Cloud Element c&oacute; thể tăng tốc, gi&uacute;p n&acirc;ng cao t&iacute;nh năng giảm chấn, &ecirc;m &aacute;i v&agrave; nhẹ lướt tr&ecirc;n từng bước di chuyển.</p>\r\n\r\n<p style=\"text-align:center\"><img alt=\"\" height=\"301\" src=\"/ckfinder/userfiles/images/Blog/photo-1-1582866732609133712755.jpg\" width=\"500\" /></p>\r\n\r\n<p><strong>Thiết kế đế gi&agrave;y đường đua c&ocirc;ng thức 1 bền bỉ, th&aacute;ch thức mọi địa h&igrave;nh</strong></p>\r\n\r\n<p>Lấy nguồn cảm hứng bất tận từ đường đua c&ocirc;ng thức 1 mạo hiểm, th&aacute;ch thức, Cloud Element được v&iacute; như chiến binh dũng m&atilde;nh bất chấp mọi địa h&igrave;nh. Thiết kế &quot;đường đua&quot; phần đế đệm bền bỉ, chắc chắn, kh&ocirc;ng những mang đến trải nghiệm về chuyến phi&ecirc;u lưu th&uacute; vị trong từng chuyển động, m&agrave; c&ograve;n th&ocirc;i th&uacute;c những ai đang muốn kh&aacute;m ph&aacute; v&agrave; chinh phục mọi giới hạn của bản th&acirc;n.</p>\r\n\r\n<p>Chất liệu cao su si&ecirc;u nhẹ kết hợp TPU được thiết kế theo những đường răng cưa, gi&uacute;p Cloud Element gia tăng độ b&aacute;m, đảm bảo sự chắc chắn, ổn định v&agrave; linh hoạt hơn bao giờ hết.</p>\r\n\r\n<p style=\"text-align:center\"><img alt=\"\" height=\"750\" src=\"/ckfinder/userfiles/images/Blog/photo-1-15828667357851686913705.jpg\" width=\"500\" /></p>\r\n\r\n<p>&nbsp;</p>\r\n\r\n<p><strong>Upper đan mới lạ, phản quang thu h&uacute;t mọi &aacute;nh nh&igrave;n</strong></p>\r\n\r\n<p>Nếu những đ&ocirc;i gi&agrave;y thể thao kh&aacute;c sử dụng nhiều lớp chất liệu vải kh&aacute;c nhau, chưa ph&aacute;t huy hết được t&iacute;nh linh động, uyển chuyển khi chạy th&igrave; ở Cloud Element điều n&agrave;y được khắc phục ho&agrave;n to&agrave;n. Việc sử dụng c&ugrave;ng một chất liệu vải dệt một tấm cao cấp bao phủ to&agrave;n bộ th&acirc;n gi&agrave;y được v&iacute; như một bộ đồ fitness, &ocirc;m kh&iacute;t từng chuyển động của đ&ocirc;i ch&acirc;n, đảm bảo sức bền v&agrave; thoải m&aacute;i nhất cho người d&ugrave;ng.</p>\r\n\r\n<p style=\"text-align:center\"><img alt=\"\" height=\"502\" src=\"/ckfinder/userfiles/images/Blog/photo-2-1582866735789965746289.jpg\" width=\"500\" /></p>\r\n\r\n<p>Kh&ocirc;ng những thế, mỗi phi&ecirc;n bản m&agrave;u lại l&agrave; một sự kết hợp th&uacute; vị giữa m&agrave;u sắc tổng h&ograve;a từ th&acirc;n, đế cho đến l&oacute;t gi&agrave;y. Th&ecirc;m chi tiết phản quang ấn tượng tr&ecirc;n mũ gi&agrave;y l&agrave;m &quot;lung lay&quot; mọi &aacute;nh nh&igrave;n.</p>\r\n\r\n<p style=\"text-align:center\"><img alt=\"\" height=\"750\" src=\"/ckfinder/userfiles/images/Blog/photo-3-1582866735795954660474.jpg\" width=\"500\" /></p>\r\n\r\n<p>&nbsp;</p>\r\n\r\n<p><strong>Bản phối m&agrave;u c&aacute; t&iacute;nh, xứng danh đ&ocirc;i gi&agrave;y thập kỷ mới</strong></p>\r\n\r\n<p>Được remix từ phi&ecirc;n bản của những đ&ocirc;i gi&agrave;y chạy v&agrave; gi&agrave;y thể thao đường phố, Cloud Element kh&ocirc;ng chỉ l&agrave; &quot;đ&ocirc;i gi&agrave;y&quot; lợi hại tr&ecirc;n những cuộc chạy đua hay đi bộ, m&agrave; c&ograve;n cực &quot;bắt mắt&quot; về lifestyle nhờ kiểu d&aacute;ng v&agrave; c&aacute;ch phối m&agrave;u mới mẻ, năng động. M&agrave;u đen c&aacute; t&iacute;nh với dải phản quang li ti phần mũ gi&agrave;y d&agrave;nh cho những ai th&iacute;ch sự nổi bật, m&agrave;u xanh mang phong th&aacute;i đĩnh đạc của những đấng m&agrave;y r&acirc;u ch&iacute;n chắn, sang chảnh. Nếu bạn thuộc tu&yacute;p người y&ecirc;u th&iacute;ch sự năng động, ngỗ nghịch th&igrave; c&oacute; thể chọn phối m&agrave;u đỏ đen, c&ograve;n m&agrave;u hồng trẻ trung, ngọt ng&agrave;o d&agrave;nh cho c&aacute;c c&ocirc; n&agrave;ng c&aacute; t&iacute;nh, đ&aacute;ng y&ecirc;u&hellip;</p>\r\n\r\n<p style=\"text-align:center\"><img alt=\"\" height=\"333\" src=\"/ckfinder/userfiles/images/Blog/image011-15828670113291696619676.jpg\" width=\"500\" /></p>\r\n\r\n<p>Cloud Element đ&atilde; thực sự kick off s&acirc;n chơi streetwear 2020 đầy ngưỡng mộ theo c&aacute;ch ri&ecirc;ng của n&oacute; &ndash; xứng danh đ&ocirc;i gi&agrave;y mở đầu thập kỷ mới.</p>', '2020-07-12 08:35:04', '2020-07-12 08:35:04'),
(22, 'Cố gắng chạy bộ giảm cân, đừng quên 4 bí quyết để mang lại hiệu quả nhanh chóng', 'co-gang-chay-bo-giam-can-dung-quen-4-bi-quyet-de-mang-lai-hieu-qua-nhanh-chong', 'uploads/category/1594618914_photo-3-1578204403250709137450.jpg', NULL, 'kenh14.vn', 1, 1, '<h3 style=\"color:#111111; font-style:normal\"><strong>1. Đừng n&ecirc;n chạy bộ ch&acirc;n trần</strong></h3>\r\n\r\n<p>Rất nhiều người th&iacute;ch để ch&acirc;n trần chạy bộ. Thậm ch&iacute; ở Nhật Bản, họ kh&ocirc;ng bắt &eacute;p trẻ em phải đeo gi&agrave;y, d&eacute;p để ch&uacute;ng tự do ch&acirc;n trần chạy tr&ecirc;n nền đất. Nhưng đ&oacute; l&agrave; chuyện l&uacute;c 3, 4 tuổi, l&uacute;c ấy lượng vận động vẫn chưa qu&aacute; lớn, việc đi ch&acirc;n trần c&oacute; &iacute;ch cho việc ph&aacute;t triển v&agrave; định h&igrave;nh cơ bắp của b&agrave;n ch&acirc;n.</p>\r\n\r\n<p style=\"text-align:center\"><img alt=\"\" height=\"277\" src=\"/ckfinder/userfiles/images/Blog/photo-1-1578204398470388638199.jpg\" width=\"500\" /></p>\r\n\r\n<p>Nhưng sau khi trưởng th&agrave;nh, nếu muốn chạy một qu&atilde;ng đường d&agrave;i th&igrave; chạy ch&acirc;n trần kh&ocirc;ng tốt cho cơ thể. Th&ecirc;m v&agrave;o đ&oacute;, nếu chạy ở mặt đất kh&ocirc;ng bằng phẳng, ch&acirc;n sẽ vấp phải những đồ vật g&acirc;y tổn thương cho ch&acirc;n. Do vậy đeo gi&agrave;y cũng l&agrave; một c&aacute;ch gi&uacute;p bảo vệ b&agrave;n ch&acirc;n của bạn một c&aacute;ch tốt nhất.</p>\r\n\r\n<h3 style=\"color:#111111; font-style:normal\"><strong>2. Đừng đi gi&agrave;y m&agrave; kh&ocirc;ng đi tất</strong></h3>\r\n\r\n<p>Đeo gi&agrave;y m&agrave; kh&ocirc;ng đeo tất đương nhi&ecirc;n l&agrave; kh&ocirc;ng tốt, bởi v&igrave; chỉ cần chạy bộ, vận động nhiều một ch&uacute;t ch&acirc;n nhất định sẽ ra mồ h&ocirc;i. Đ&ocirc;i gi&agrave;y thể thao bọc k&iacute;n ch&acirc;n bạn sẽ khiến b&ecirc;n trong giống như một m&aacute;y hơi nước, khiến cho việc ch&acirc;n tiết ra mồ h&ocirc;i gặp kh&oacute; khăn, rất dễ g&acirc;y ra phồng rộp.</p>\r\n\r\n<p>Nghi&ecirc;m trọng hơn, nếu để ch&acirc;n trần đặc biệt l&agrave; khi ẩm ướt, b&ecirc;n trong gi&agrave;y sẽ bị ma s&aacute;t, ma s&aacute;t qu&aacute; nhiều khiến ch&acirc;n bị bong da thậm ch&iacute; bị vảy nến hoặc nhiễm tr&ugrave;ng.</p>\r\n\r\n<p style=\"text-align:center\"><img alt=\"\" height=\"425\" src=\"/ckfinder/userfiles/images/Blog/photo-1-15782044032401396605577.jpg\" width=\"500\" /></p>\r\n\r\n<p><strong>3. Chọn gi&agrave;y v&agrave; tất như thế n&agrave;o?</strong></p>\r\n\r\n<p>Gi&agrave;y phải chọn loại chuy&ecirc;n cho thể thao. Tuy rằng bạn kh&ocirc;ng phải vận động vi&ecirc;n chạy bộ chuy&ecirc;n nghiệp, cũng kh&ocirc;ng thường xuy&ecirc;n chạy đường d&agrave;i nhưng vẫn n&ecirc;n chọn loại gi&agrave;y chuy&ecirc;n d&ugrave;ng trong thể thao.</p>\r\n\r\n<p style=\"text-align:center\"><img alt=\"\" height=\"276\" src=\"/ckfinder/userfiles/images/Blog/photo-2-1578204403246946290231.jpg\" width=\"500\" /></p>\r\n\r\n<p>Chỉ cần chọn một đ&ocirc;i gi&agrave;y vừa ch&acirc;n, mềm nhẹ nhưng đế gi&agrave;y kh&ocirc;ng được qu&aacute; mỏng, như vậy khi chạy sẽ dễ d&agrave;ng hơn. Th&ecirc;m một điều nữa, rất nhiều người th&iacute;ch đeo tất bằng tơ nilon để chạy bộ, nhưng lại kh&ocirc;ng hề biết loại tất n&agrave;y kh&ocirc;ng hề ph&ugrave; hợp trong thể thao.</p>\r\n\r\n<p>Bởi v&igrave; n&oacute; kh&ocirc;ng dễ th&ocirc;ng kh&iacute; v&agrave; hấp thụ mồ h&ocirc;i. Do vậy, lời khuy&ecirc;n cho mọi người l&agrave; n&ecirc;n chọn loại tất bằng cotton hoặc d&agrave;y một ch&uacute;t, như vậy sẽ tốt hơn cho đ&ocirc;i ch&acirc;n của bạn.</p>\r\n\r\n<h3 style=\"color:#111111; font-style:normal\"><strong>4. Tư thế chạy đ&uacute;ng</strong></h3>\r\n\r\n<p>-&nbsp;<strong><em>Thẳng lưng:</em></strong>&nbsp;thẳng người trong khi chạy. Lưng, đầu, cổ phải tr&ecirc;n một đường thẳng, mắt nh&igrave;n về ph&iacute;a trước.</p>\r\n\r\n<p>-&nbsp;<strong><em>Thư gi&atilde;n vai v&agrave; c&aacute;nh tay:</em></strong>&nbsp;2 vai thả lỏng v&agrave; giữ thăng bằng, c&aacute;nh tay để xuống tự nhi&ecirc;n v&agrave; hơi nắm b&agrave;n tay,c&aacute;nh tay cử động nhẹ theo nhịp chạy.</p>\r\n\r\n<p>-<strong><em>&nbsp;Cố định h&ocirc;ng:</em></strong>&nbsp;Đ&acirc;y l&agrave; bộ phận trung t&acirc;m sức mạnh v&agrave; l&agrave; v&ugrave;ng c&oacute; cơ bắp mạnh nhất trong cơ thể. Muốn c&oacute; một tư thế chạy đ&uacute;ng chuẩn th&igrave; eo cần phải siết chặt để tạo lực tiếp tục chạy về ph&iacute;a trước. Nếu bạn nghi&ecirc;ng về ph&iacute;a trước hoặc nghi&ecirc;ng qu&aacute; nhiều trong khi chạy th&igrave; xương chậu cũng sẽ nghi&ecirc;ng về ph&iacute;a trước, g&acirc;y &aacute;p lực l&ecirc;n lưng dưới.</p>\r\n\r\n<p style=\"text-align:center\"><img alt=\"\" height=\"334\" src=\"/ckfinder/userfiles/images/Blog/photo-3-1578204403250709137450.jpg\" width=\"500\" /></p>\r\n\r\n<p>-&nbsp;<strong><em>N&acirc;ng ch&acirc;n vừa phải:</em></strong>&nbsp;Kh&ocirc;ng n&ecirc;n m&ugrave; qu&aacute;ng theo đuổi sải ch&acirc;n hay tần suất l&yacute; tưởng n&agrave;o kh&aacute;c m&agrave; h&atilde;y chọn bước chạy ph&ugrave; hợp với bản th&acirc;n, cố gắng để ch&acirc;n hạ xuống ngay dưới cơ thể. Nếu bước v&agrave; nhịp chạy qu&aacute; lớn sẽ g&acirc;y c&uacute; sốc l&ecirc;n cơ thể, trong thời gian d&agrave;i sẽ g&acirc;y n&ecirc;n những chấn thương kh&ocirc;ng n&ecirc;n c&oacute;.</p>\r\n\r\n<p>-&nbsp;<strong><em>Ch&uacute; &yacute; tư thế hạ ch&acirc;n:</em></strong>&nbsp;N&ecirc;n d&ugrave;ng g&oacute;t ch&acirc;n hoặc l&ograve;ng b&agrave;n ch&acirc;n để chạm đất, sau đ&oacute; l&agrave; ph&iacute;a đầu b&agrave;n ch&acirc;n v&agrave; tiếp tục d&ugrave;ng ng&oacute;n ch&acirc;n để rời mặt đất. Ch&acirc;n chạm đất kh&ocirc;ng n&ecirc;n g&acirc;y &acirc;m thanh qu&aacute; lớn, phải nhẹ nh&agrave;ng m&agrave; linh hoạt. Th&ecirc;m v&agrave;o đ&oacute;, n&ecirc;n vung tay n&agrave;y ch&acirc;n kia, kh&ocirc;ng n&ecirc;n để tay ch&acirc;n c&ugrave;ng hướng.</p>\r\n\r\n<p><em>Nguồn: Sohu</em></p>', '2020-07-12 08:41:54', '2020-07-12 08:41:54'),
(23, 'GIÀY ULTRA BOOST LÀ GÌ? CÓ NÊN MUA ADIDAS ULTRA BOOST?', 'giay-ultra-boost-la-gi-co-nen-mua-adidas-ultra-boost', 'uploads/category/1594619751_giay-ultra-boost-la-gi-co-nen-mua-adidas-ultra-boost.jpg', NULL, 'giaygiare.vn', 1, 1, '<p><em>N&oacute;i đến mẫu sneaker Ultra Boost kh&ocirc;ng ai trong giới trẻ l&agrave; kh&ocirc;ng biết đến &quot;đứa con&quot; y&ecirc;u qu&yacute; của Adidas. Đ&acirc;y l&agrave; sản phẩm lu&ocirc;n được đ&aacute;nh gi&aacute; cao nhất trong bộ sưu tập &amp; ng&agrave;y c&agrave;ng cải thiện hơn về chất liệu cấu tạo &amp; độ linh hoạt cho người d&ugrave;ng.</em></p>\r\n\r\n<p>Được ra mắt lần đầu ti&ecirc;n v&agrave;o cuối th&aacute;ng 02/2015,&nbsp;<a href=\"https://giaygiare.vn/giay-adidas-ultraboost\" target=\"_blank\">sneaker Ultra Boost</a>&nbsp;nhanh ch&oacute;ng trở th&agrave;nh thế hệ gi&agrave;y đỉnh cao của &Ocirc;ng lớn Adidas. Sneaker được đ&aacute;nh gi&aacute; l&agrave; mẫu gi&agrave;y chạy bộ tốt nhất m&agrave; h&atilde;ng cho ra mắt, đi k&egrave;m với đ&oacute; l&agrave; những t&iacute;nh năng vượt trội, thiết kế đẹp mắt,...<br />\r\nMặc d&ugrave;, t&iacute;nh tới thời điểm hiện tại Adidas đ&atilde; cải c&aacute;ch v&agrave; cho ra mắt nhiều d&ograve;ng Ultra Boost kh&aacute;c nhau (đến năm 2020 l&agrave; 6 phi&ecirc;n bản) nhưng kh&ocirc;ng phải t&iacute;n đồ m&ecirc; gi&agrave;y n&agrave;o cũng nắm r&otilde; về d&ograve;ng sản phẩm n&agrave;y.<br />\r\nVậy gi&agrave;y&nbsp;<a href=\"https://giaygiare.vn/giay-adidas-ultra-boost-la-gi-co-nen-mua-khong.html\">Ultra Boost l&agrave; g&igrave;?</a>&nbsp;C&oacute; hay kh&ocirc;ng n&ecirc;n mua Ultra Boost?... H&atilde;y c&ugrave;ng Tulo Shop t&igrave;m c&acirc;u trả lời trong b&agrave;i viết dưới đ&acirc;y.</p>\r\n\r\n<h2><strong>Gi&agrave;y Ultra Boost - Cơn sốt trong l&agrave;ng gi&agrave;y thể thao v&agrave; thời trang</strong></h2>\r\n\r\n<p>Như mọi người đ&atilde; biết, Ultra Boost lần đầu ti&ecirc;n ra mắt v&agrave;o năm 2015, nhưng tr&ecirc;n thực tế kh&ocirc;ng phải khoảng thời gian n&agrave;y mới xuất hiện chất liệu Boost. Điều đ&oacute; đồng nghĩa với việc, Adidas đ&atilde; t&iacute;ch hợp c&ocirc;ng nghệ đệm Boost cho nhiều sản phẩm kh&aacute;c của m&igrave;nh.<br />\r\nNhưng cho đến khi kết hợp với chất liệu primeknit - th&acirc;n gi&agrave;y c&ugrave;ng hệ thống khung nhựa - cage, hỗ trợ lockdown b&agrave;n ch&acirc;n hơn, Ultra Boost mới ch&iacute;nh thức được biết đến rộng r&atilde;i hơn, trở th&agrave;nh cơn sốt trong l&agrave;ng gi&agrave;y thể thao lẫn thời trang.<br />\r\nĐược giới mộ điệu lẫn c&aacute;c chuy&ecirc;n gia đ&aacute;nh gi&aacute; cao về độ &ecirc;m &aacute;i, thoải m&aacute;i m&agrave; Ultra Boost mang lại. Adidas đ&atilde; ph&aacute;t triển c&ocirc;ng nghệ n&agrave;y qua 6 thế hệ, v&agrave; ở mỗi d&ograve;ng đều c&oacute; sự thay đổi r&otilde; rệt, kh&ocirc;ng chỉ ở thiết kế, kiểu d&aacute;ng m&agrave; cả hiệu năng v&agrave; cảm gi&aacute;c m&agrave; n&oacute; mang lại.<br />\r\nBạn c&oacute; t&ograve; m&ograve; sự kh&aacute;c biệt giữa c&aacute;c thế hệ Ultra Boost của thương hiệu&nbsp;<a href=\"https://giaygiare.vn/giay-adidas\" target=\"_blank\">gi&agrave;y thể thao Adidas</a>&nbsp;kh&ocirc;ng? Vậy th&igrave; đừng đi đ&acirc;u cả, ngay ph&iacute;a dưới đ&acirc;y sẽ gi&uacute;p bạn c&oacute; c&acirc;u trả lời.</p>\r\n\r\n<h2><strong>Ultra Boost 1.0</strong></h2>\r\n\r\n<p style=\"text-align:center\"><img alt=\"\" height=\"377\" src=\"/ckfinder/userfiles/images/Blog/giay-ultra-boost-la-gi-co-nen-mua-adidas-ultra-boost%20(1).jpg\" width=\"500\" /></p>\r\n\r\n<p>Lần đầu ti&ecirc;n xuất hiện tr&ecirc;n thị trường, Ultra Boost 1.0 nhanh ch&oacute;ng trở th&agrave;nh cơn sốt lớn khi sở hữu c&ocirc;ng nghệ hiện đại c&ugrave;ng trải nghiệm đỉnh cao. Cụ thể:</p>\r\n\r\n<ul>\r\n	<li>Đế đậm midsole sử dụng c&ocirc;ng nghệ Boost, với h&agrave;ng ng&agrave;n vi&ecirc;n năng lượng b&ecirc;n trong gi&uacute;p ho&agrave;n trả năng lượng cho người d&ugrave;ng, từ đ&oacute; giảm thiểu sự mệt mỏi, mất sức di chuyển nhiều.</li>\r\n	<li>Phần th&acirc;n sử dụng vải primeknit cao cấp, tạo độ fit co gi&atilde;n theo b&agrave;n ch&acirc;n, đồng thời đem lại sự th&ocirc;ng tho&aacute;ng v&agrave; m&aacute;t mẻ khi sử dụng gi&agrave;y thể thao.</li>\r\n	<li>Đế ngo&agrave;i outsole được thiết kế theo stretch web, gi&uacute;p hỗ trợ bộ đệm, khả năng ma s&aacute;t, b&aacute;m đường v&agrave; tăng vẻ đẹp, độ cứng c&aacute;p cho đ&ocirc;i gi&agrave;y.</li>\r\n</ul>\r\n\r\n<h2><strong>Ultra Boost 2.0</strong></h2>\r\n\r\n<p style=\"text-align:center\"><img alt=\"\" height=\"281\" src=\"/ckfinder/userfiles/images/Blog/giay-ultra-boost-la-gi-co-nen-mua-adidas-ultra-boost-1.jpg\" width=\"500\" /></p>\r\n\r\n<p>Đến phi&ecirc;n bản Ultra Boost 2.0 c&oacute; sự kh&aacute;c biệt r&otilde; rệt so với thế hệ đầu ti&ecirc;n, trong đ&oacute; c&oacute; thể kể đến:</p>\r\n\r\n<ul>\r\n	<li>Sự cải tiến của cage nhựa dẻo c&ugrave;ng đế ngo&agrave;i outsole</li>\r\n	<li>&Aacute;p dụng c&ocirc;ng nghệ Torsion với thiết kế Continental nhằm gia tăng khả năng ma s&aacute;t, b&aacute;m d&iacute;nh bề mặt đường một c&aacute;ch tối đa.</li>\r\n	<li>Phần upper vẫn trung th&agrave;nh sử dụng chất liệu vải primeknit để tạo độ th&ocirc;ng tho&aacute;ng cho đ&ocirc;i ch&acirc;n của người d&ugrave;ng.</li>\r\n</ul>\r\n\r\n<h2><strong>Ultra Boost 3.0</strong></h2>\r\n\r\n<p style=\"text-align:center\"><img alt=\"\" height=\"281\" src=\"/ckfinder/userfiles/images/Blog/giay-ultra-boost-la-gi-co-nen-mua-adidas-ultra-boost-2.jpg\" width=\"500\" /></p>\r\n\r\n<p>Đến đời thứ 3 n&agrave;y kh&ocirc;ng c&oacute; qu&aacute; nhiều sự thay đổi về mặt form gi&agrave;y cũng như thiết kế. Kh&aacute;c biệt ở chỗ, phần upper cấu tr&uacute;c hai b&ecirc;n sườn được sửa đổi đ&ocirc;i ch&uacute;t, nhằm tăng khả năng hỗ trợ, &ocirc;m ch&acirc;n cũng như độ tho&aacute;ng kh&iacute; của gi&agrave;y sneaker.<br />\r\nHầu hết c&aacute;c t&iacute;n đồ đều nhận định rằng, tổng thể của Ultra Boost 3.0 kh&ocirc;ng kh&aacute;c biệt l&agrave; mấy so với 2 phi&ecirc;n bản đầu. Tuy nhi&ecirc;n th&igrave; giới trẻ vẫn lựa chọn thương hiệu n&agrave;y l&agrave;m nơi mua sắm cần thiết để &quot;khoe m&atilde;&quot; trong c&aacute;c cuộc đi chơi, du lịch, ...</p>\r\n\r\n<h2><strong>Ultra Boost 4.0</strong></h2>\r\n\r\n<p style=\"text-align:center\"><img alt=\"\" height=\"500\" src=\"/ckfinder/userfiles/images/Blog/giay-ultra-boost-la-gi-co-nen-mua-adidas-ultra-boost-3.jpg\" width=\"500\" /></p>\r\n\r\n<p>Bước v&agrave;o thế hệ thứ tư, Ultra Boost 4.0 c&oacute; những bước cải tiến đ&aacute;ng kể về chất liệu &amp; c&ocirc;ng năng sử dụng. Vẫn giữ c&ocirc;ng nghệ Boost n&eacute;n cho phần đế, tuy nhi&ecirc;n nh&agrave; sản xuất đ&atilde; tăng th&ecirc;m một lượng Boost đ&aacute;ng kể v&agrave;o phần đệm gi&agrave;y. Điều đ&oacute; c&oacute; nghĩa khả năng n&acirc;ng đỡ của sản phẩm sẽ cao hơn, ho&agrave;n trả năng lượng tốt hơn v&agrave; gi&uacute;p người d&ugrave;ng c&oacute; những trải nghiệm tốt nhất khi chạy, tập thể dục, tập gym,...<br />\r\nMột điều kh&aacute;c biệt nữa ở&nbsp;<a href=\"https://giaygiare.vn/adidas-ultra-boost-4-0\" target=\"_blank\">Adidas Ultra Boost 4.0</a>&nbsp;m&agrave; bạn sẽ v&ocirc; t&igrave;nh bỏ lỡ nếu kh&ocirc;ng để &yacute; đ&oacute; l&agrave; lớp vải ở phần th&acirc;n gi&agrave;y được dệt d&agrave;y hơn. Những đường sọc tr&ecirc;n th&acirc;n gi&agrave;y r&otilde; hơn, đẹp hơn v&agrave; tr&ocirc;ng mạnh mẽ, thu h&uacute;t hơn hẳn.</p>\r\n\r\n<h2><strong>Ultra Boost 19</strong></h2>\r\n\r\n<p style=\"text-align:center\"><img alt=\"\" height=\"394\" src=\"/ckfinder/userfiles/images/Blog/adidas-ultra-boost-5-0-den-de-trang-rep-1-1-2019-1.jpg\" width=\"500\" /></p>\r\n\r\n<p>C&agrave;ng về sau, c&aacute;c thế hệ của Ultra Boost c&agrave;ng c&oacute; những bước tiến nhảy vọt v&agrave; thay đổi ấn tượng. Ở&nbsp;<strong>Ultra Boost 5.0</strong>&nbsp;(hay c&ograve;n được gọi l&agrave;&nbsp;<a href=\"https://giaygiare.vn/adidas-ultra-boost-5-0\" target=\"_blank\">Ultra Boost 19</a>) c&oacute; những cải tiến nổi bật phải nhắc đến như:</p>\r\n\r\n<ul>\r\n	<li>Khung nhựa 3 vạch nhường chỗ cho khung TPU - một lớp trong suốt, nh&igrave;n b&ecirc;n ngo&agrave;i tr&ocirc;ng kh&aacute; cứng nhắc nhưng thực chất rất mềm mại.</li>\r\n	<li>Bỏ đi thiết kế nguy&ecirc;n khối, khung nhựa TPU sau g&oacute;t lớn hơn, tr&ugrave;m xuống cả đế giữa.</li>\r\n	<li>Phần th&acirc;n, cụ thể l&agrave; ở mu b&agrave;n ch&acirc;n tới mũi gi&agrave;y nh&agrave; sản xuất sử dụng chất liệu vải primeknit d&agrave;y hơn, c&oacute; kết cấu dệt vu&ocirc;ng b&agrave;n cờ đầy ấn tượng.</li>\r\n	<li>Phần đế boost bo tr&ograve;n mềm mại, uyển chuyển hơn.</li>\r\n</ul>\r\n\r\n<p>Nếu như ở thiết kế Ultra Boost ban đầu được cấu th&agrave;nh bởi 17 miếng th&igrave; ở Ultra Boost 19 chỉ từ 4 miếng, gồm 1 miếng primeknit 30 một mảnh, tấm l&ograve; xo Torsion, khung g&oacute;t in 3D v&agrave; đế giữa tăng 20% lượng Boost.</p>\r\n\r\n<p style=\"text-align:center\"><img alt=\"\" height=\"375\" src=\"/ckfinder/userfiles/images/Blog/adidas-ultra-boost-5-0-black-multi-color-rep-1-1-2019-14.jpg\" width=\"500\" /></p>\r\n\r\n<ul>\r\n	<li>To&agrave;n bộ phần th&acirc;n gi&agrave;y sử dụng chất liệu vải primeknit 360, đem lại sự co gi&atilde;n, thoải m&aacute;i v&agrave; th&ocirc;ng tho&aacute;ng nhất cho người sử dụng.</li>\r\n	<li>Thiết kế đế gi&agrave;y Ultra Boost 5.0 đẹp hơn so với c&aacute;c thế hệ trước. Chưa n&oacute;i đến việc bộ đế tăng th&ecirc;m 20% lượng Boost, gi&uacute;p người d&ugrave;ng c&oacute; những trải nghiệm tốt nhất.</li>\r\n	<li>Thiết kế heeltab c&oacute; dạng khung chứ kh&ocirc;ng phải miếng nhựa như trước.</li>\r\n	<li>Biểu tượng 3 sọc ở phần th&acirc;n gi&agrave;y vẫn giữ lại, nhưng được dập nổi tr&ecirc;n th&acirc;n, nhờ vậy tạo hiệu ứng thu h&uacute;t hơn.</li>\r\n</ul>\r\n\r\n<h2><strong>Ultra Boost 20</strong></h2>\r\n\r\n<p style=\"text-align:center\"><img alt=\"\" height=\"375\" src=\"/ckfinder/userfiles/images/Blog/adidas-ultra-boost-20-consortium-all-black-1-1-1.jpg\" width=\"500\" /></p>\r\n\r\n<p>V&agrave; trong năm 2020 đ&aacute;nh dấu sự thay đổi ph&aacute;t triển vượt bậc, Ultra Boost 20 vẫn giữ nguy&ecirc;n định lượng Boost như thế hệ 19, bởi nh&agrave; sản xuất cho biết việc tăng qu&aacute; nhiều lượng boost cũng kh&ocirc;ng đem lại những cải thiện tốt hơn cho người d&ugrave;ng. Thay v&agrave;o đ&oacute; phần chất liệu&amp; thiết kế của gi&agrave;y c&oacute; nhiều sự thay đổi hơn.</p>\r\n\r\n<ul>\r\n	<li>Hai b&ecirc;n th&acirc;n gi&agrave;y chạy dọc đến phần mũi được dệt theo dạng chuỗi ống, tăng độ cứng c&aacute;p hơn, nhờ vậy m&agrave; bảo vệ tốt ng&oacute;n ch&acirc;n người d&ugrave;ng.</li>\r\n	<li>Khả năng th&ocirc;ng tho&aacute;ng ở mũi gi&agrave;y cao hơn.</li>\r\n	<li>Khung g&oacute;t l&agrave;m từ nệm m&uacute;t v&agrave; vải mềm, l&agrave;m giảm chấn thương cho người d&ugrave;ng nếu luyện tập ở cường độ cao.</li>\r\n	<li>Khung nhựa dẻo mềm mại thay cho lớp khung nhựa cứng v&agrave; logo 3 sọc nổi.</li>\r\n</ul>\r\n\r\n<p style=\"text-align:center\"><img alt=\"\" height=\"375\" src=\"/ckfinder/userfiles/images/Blog/adidas-ultra-boost-20-consortium-space-race-grey-1-1-9.jpg\" width=\"500\" /></p>\r\n\r\n<h2><strong>C&oacute; n&ecirc;n mua Ultra Boost kh&ocirc;ng?</strong></h2>\r\n\r\n<p>Với những th&ocirc;ng tin chi tiết m&agrave;&nbsp;<a href=\"https://giaygiare.vn/\" target=\"_blank\">Tulo Shop</a>&nbsp;cung cấp ở tr&ecirc;n, chắc hẳn đối với c&acirc;u hỏi &ldquo;<strong>C&oacute; hay kh&ocirc;ng n&ecirc;n mua Ultra Boost?</strong>&rdquo; chắc hẳn mỗi người đ&atilde; c&oacute; c&acirc;u trả lời của m&igrave;nh. Với những ai vẫn c&ograve;n sự mơ hồ, chưa r&otilde;, vậy th&igrave; h&atilde;y điểm qua ba lợi &iacute;ch tuyệt vời nhất m&agrave; bạn sẽ nhận được khi sử dụng d&ograve;ng gi&agrave;y sneaker n&agrave;y.</p>\r\n\r\n<h3><strong>Ultra Boost c&oacute; khả năng n&acirc;ng đỡ tuyệt vời, độ bền cao</strong></h3>\r\n\r\n<p>Nhờ c&ocirc;ng nghệ Ultra Boost cho phần đế, người d&ugrave;ng sẽ c&oacute; những trải nghiệm tuyệt vời nhất khi d&ugrave;ng sản phẩm. Với c&aacute;c hoạt động chạy nhảy, đi bộ đường d&agrave;i, tập gym,... hay những bạn trẻ phải thường xuy&ecirc;n di chuyển nhiều,... th&igrave; việc sử dụng mẫu gi&agrave;y thể thao n&agrave;y sẽ gi&uacute;p ho&agrave;n trả năng lượng tuyệt vời, từ đ&oacute; tiết kiệm được sức lực.<br />\r\nB&ecirc;n cạnh đ&oacute; nhờ thiết kế lớp outsole continental n&ecirc;n Ultra Boost c&oacute; thể sử dụng trong khoảng 1 - 2 năm m&agrave; kh&ocirc;ng hề bị hư hỏng hay biến dạng. Phần th&acirc;n gi&agrave;y sử dụng chất liệu vải primeknit cao cấp n&ecirc;n kh&ocirc;ng bị phai m&agrave;u, đem lại sự th&ocirc;ng tho&aacute;ng v&agrave; giữ được vẻ đẹp như l&uacute;c ban đầu.</p>\r\n\r\n<h3><strong>Thiết kế đơn giản, nhẹ nh&agrave;ng m&agrave; kh&ocirc;ng k&eacute;m phần tinh tế</strong></h3>\r\n\r\n<p>Ultra Boost sở hữu vẻ đẹp phi giới t&iacute;nh, nhờ thiết kế đơn giản, nhẹ nh&agrave;ng nhưng kh&ocirc;ng k&eacute;m phần sang trọng, thu h&uacute;t. Mẫu sản phẩm được cả nam giới lẫn nữ giới y&ecirc;u th&iacute;ch, người đi l&agrave;m đến đi học,...<br />\r\nSản phẩm dễ d&agrave;ng &ldquo;c&acirc;n team&rdquo; trong mọi phong c&aacute;ch lẫn trang phục, từ đ&oacute; gi&uacute;p người d&ugrave;ng dễ d&agrave;ng phối trang phục, khẳng định gout thẩm mỹ lẫn c&aacute; t&iacute;nh của m&igrave;nh.</p>\r\n\r\n<p style=\"text-align:center\"><img alt=\"\" height=\"416\" src=\"/ckfinder/userfiles/images/Blog/adidas-ultra-boost-20-consortium-space-race-blue-1-1-9.jpg\" width=\"500\" /></p>\r\n\r\n<h3><strong>Dễ bảo quản, vệ sinh</strong></h3>\r\n\r\n<p>Với Ultra Boost kh&acirc;u vệ sinh v&agrave; bảo quản kh&ocirc;ng qu&aacute; phức tạp, từ đ&oacute; gi&uacute;p bạn c&oacute; nhiều thời gian rảnh hơn v&agrave; đặc biệt gi&uacute;p đ&ocirc;i gi&agrave;y c&oacute; tuổi thọ cao hơn, giữ được vẻ đẹp sau một thời gian d&agrave;i sử dụng.<br />\r\nĐiều bạn cần l&agrave;m l&agrave; d&ugrave;ng b&igrave;nh xịt nước để bảo vệ đế gi&agrave;y, bảo quản nơi kh&ocirc; tho&aacute;ng v&agrave; cho th&ecirc;m vi&ecirc;n khử m&ugrave;i trong l&oacute;t gi&agrave;y l&agrave; xong.<br />\r\nNếu bạn l&agrave; một người đam m&ecirc; thể dục - thể thao, đang t&igrave;m kiếm một mẫu gi&agrave;y chạy bộ tốt, hỗ trợ cho qu&aacute; tr&igrave;nh luyện tập. Hay đơn giản l&agrave; người y&ecirc;u c&aacute;i đẹp, c&aacute;i mới mẻ, muốn khẳng định phong c&aacute;ch của m&igrave;nh qua gi&agrave;y sneaker,... th&igrave; Ultra Boost sẽ l&agrave; gợi &yacute; ho&agrave;n hảo m&agrave; bạn kh&ocirc;ng n&ecirc;n bỏ qua.</p>\r\n\r\n<p style=\"text-align:center\"><img alt=\"\" height=\"375\" src=\"/ckfinder/userfiles/images/Blog/adidas-ultra-boost-20-consortium-core-black-1-1-9.jpg\" width=\"500\" /></p>\r\n\r\n<h3><strong>Gi&aacute; b&aacute;n hợp l&yacute; - Chất lượng đỉnh cao</strong></h3>\r\n\r\n<p>Bạn cũng thừa hiểu rằng chất lượng tốt th&igrave; gi&aacute; th&agrave;nh phải cao. 2 yếu tố n&agrave;y l&uacute;c n&agrave;o cũng đi k&egrave;m với nhau &amp; m&atilde;i bất diệt. V&agrave; đến thương hiệu sneaker n&agrave;y cũng vậy, c&aacute;c mẫu gi&agrave;y Ultra Boost của Adidas c&oacute; mức gi&aacute; tầm trung từ 2.500.000 - 5.000.000 vnđ. Đ&acirc;y l&agrave; mức gi&aacute; kh&aacute; rẻ đối với một si&ecirc;u phẩm. Tuy nhi&ecirc;n với những người ti&ecirc;u d&ugrave;ng c&oacute; kinh tế thấp, kh&ocirc;ng đủ điều kiện để sở hữu item n&agrave;y mặc d&ugrave; rất th&iacute;ch th&igrave;&nbsp;<strong>Tulo Shop</strong>&nbsp;sẽ l&agrave; giải ph&aacute;p ho&agrave;n hảo d&agrave;nh cho bạn.</p>\r\n\r\n<p style=\"text-align:center\"><img alt=\"\" height=\"375\" src=\"/ckfinder/userfiles/images/Blog/ultra-boost.jpg\" width=\"500\" /></p>\r\n\r\n<p>Ri&ecirc;ng d&ograve;ng Ultra Boost, hiện Tulo Shop đang b&agrave;y b&aacute;n với gi&aacute; dao động chỉ từ 600.000đ (h&agrave;ng sf) - 1.200.000đ (loại replica 1:1) m&agrave; th&ocirc;i.</p>\r\n\r\n<p><em>Vậy c&ograve;n chần chờ g&igrave; nữa m&agrave; kh&ocirc;ng nhấc m&aacute;y l&ecirc;n gọi ngay cho Fullman qua hotline:&nbsp;<strong>0976543210</strong>&nbsp;để được nh&acirc;n vi&ecirc;n tư vấn hỗ trợ cũng như giải đ&aacute;p thắc mắc trong thời gian nhanh v&agrave; sớm nhất n&agrave;o!</em><br />\r\nC&oacute; rất nhiều chương tr&igrave;nh ưu đ&atilde;i, ch&iacute;nh s&aacute;ch chiết khấu v&agrave; chế độ bảo h&agrave;nh cực tuyệt vời đang chờ bạn khi mua gi&agrave;y tại cửa h&agrave;ng của ch&uacute;ng t&ocirc;i!</p>', '2020-07-12 08:55:51', '2020-07-12 08:55:51');

-- --------------------------------------------------------

--
-- Cấu trúc bảng cho bảng `brands`
--

CREATE TABLE `brands` (
  `id` bigint(20) UNSIGNED NOT NULL,
  `name` varchar(255) COLLATE utf8mb4_unicode_ci NOT NULL,
  `slug` varchar(255) COLLATE utf8mb4_unicode_ci NOT NULL,
  `image` varchar(255) COLLATE utf8mb4_unicode_ci DEFAULT NULL,
  `website` varchar(255) COLLATE utf8mb4_unicode_ci DEFAULT NULL,
  `position` int(11) NOT NULL,
  `is_active` int(11) NOT NULL DEFAULT 1,
  `created_at` timestamp NULL DEFAULT NULL,
  `updated_at` timestamp NULL DEFAULT NULL
) ENGINE=InnoDB DEFAULT CHARSET=utf8mb4 COLLATE=utf8mb4_unicode_ci;

--
-- Đang đổ dữ liệu cho bảng `brands`
--

INSERT INTO `brands` (`id`, `name`, `slug`, `image`, `website`, `position`, `is_active`, `created_at`, `updated_at`) VALUES
(4, 'Bitis', 'bitis', NULL, 'bitis.com.vn', 1, 1, '2020-06-10 20:15:55', '2020-06-10 20:16:28'),
(6, 'Converse', 'converse', NULL, 'converse.com', 3, 1, '2020-06-11 00:50:04', '2020-06-11 00:50:13'),
(7, 'Adidas', 'adidas', NULL, 'adidas.com', 4, 1, '2020-06-11 00:50:51', '2020-06-11 00:50:51'),
(8, 'Nike', 'nike', NULL, 'nike.com', 5, 1, '2020-06-11 00:52:27', '2020-06-11 00:52:27'),
(9, 'Gucci', 'gucci', NULL, 'gucci.com', 6, 1, '2020-06-11 00:54:27', '2020-06-11 00:54:27'),
(10, 'Gosto', 'gosto', NULL, 'bitis.com.vn', 7, 1, '2020-06-11 20:30:49', '2020-07-21 21:39:49');

-- --------------------------------------------------------

--
-- Cấu trúc bảng cho bảng `categories`
--

CREATE TABLE `categories` (
  `id` bigint(20) UNSIGNED NOT NULL,
  `name` varchar(255) COLLATE utf8mb4_unicode_ci NOT NULL,
  `slug` varchar(255) COLLATE utf8mb4_unicode_ci NOT NULL,
  `image` varchar(255) COLLATE utf8mb4_unicode_ci DEFAULT NULL,
  `parent_id` bigint(20) UNSIGNED DEFAULT NULL,
  `position` int(11) NOT NULL,
  `is_active` int(11) NOT NULL DEFAULT 1,
  `created_at` timestamp NULL DEFAULT NULL,
  `updated_at` timestamp NULL DEFAULT NULL
) ENGINE=InnoDB DEFAULT CHARSET=utf8mb4 COLLATE=utf8mb4_unicode_ci;

--
-- Đang đổ dữ liệu cho bảng `categories`
--

INSERT INTO `categories` (`id`, `name`, `slug`, `image`, `parent_id`, `position`, `is_active`, `created_at`, `updated_at`) VALUES
(15, 'Nam', 'nam', NULL, NULL, 1, 1, '2020-06-10 12:40:50', '2020-07-14 03:06:38'),
(16, 'Nữ', 'nu', NULL, NULL, 2, 1, '2020-06-10 17:40:14', '2020-07-11 19:05:15'),
(17, 'Phụ Kiện', 'phu-kien', NULL, NULL, 3, 1, '2020-06-10 17:41:30', '2020-06-10 17:41:30'),
(18, 'Bé Trai', 'be-trai', NULL, NULL, 4, 1, '2020-06-10 17:42:07', '2020-07-14 03:07:10'),
(19, 'Bé Gái', 'be-gai', NULL, NULL, 5, 1, '2020-06-10 17:42:29', '2020-06-11 09:47:12'),
(23, 'Thể Thao Nam', 'the-thao-nam', NULL, 15, 2, 1, '2020-06-11 09:37:21', '2020-06-11 09:43:56'),
(25, 'Giày Cao Gót', 'giay-cao-got', NULL, 16, 1, 1, '2020-06-11 09:43:40', '2020-06-11 12:39:11'),
(26, 'Thể Thao Nữ', 'the-thao-nu', NULL, 16, 2, 1, '2020-06-11 09:44:23', '2020-06-11 09:44:23'),
(27, 'Giày Da Nam', 'giay-da-nam', NULL, 15, 3, 1, '2020-06-11 09:46:24', '2020-06-11 09:46:24'),
(29, 'Dép Bé Trai', 'dep-be-trai', NULL, 18, 2, 1, '2020-06-11 12:36:50', '2020-07-11 19:07:52'),
(30, 'Giày Bé Trai', 'giay-be-trai', NULL, 18, 1, 1, '2020-06-11 12:37:11', '2020-07-11 19:07:43'),
(32, 'Giày Bé Gái', 'giay-be-gai', NULL, 19, 1, 1, '2020-06-11 12:37:50', '2020-06-11 12:37:50'),
(33, 'Dép Bé Gái', 'dep-be-gai', NULL, 19, 2, 1, '2020-06-11 12:38:45', '2020-06-11 12:38:45');

-- --------------------------------------------------------

--
-- Cấu trúc bảng cho bảng `comments`
--

CREATE TABLE `comments` (
  `id` bigint(20) UNSIGNED NOT NULL,
  `name` varchar(255) COLLATE utf8mb4_unicode_ci NOT NULL,
  `email` varchar(255) COLLATE utf8mb4_unicode_ci NOT NULL,
  `comment` varchar(255) COLLATE utf8mb4_unicode_ci NOT NULL,
  `approved` int(11) NOT NULL,
  `product_id` bigint(20) UNSIGNED DEFAULT NULL,
  `blog_id` bigint(20) UNSIGNED DEFAULT NULL,
  `created_at` timestamp NULL DEFAULT NULL,
  `updated_at` timestamp NULL DEFAULT NULL
) ENGINE=InnoDB DEFAULT CHARSET=utf8mb4 COLLATE=utf8mb4_unicode_ci;

--
-- Đang đổ dữ liệu cho bảng `comments`
--

INSERT INTO `comments` (`id`, `name`, `email`, `comment`, `approved`, `product_id`, `blog_id`, `created_at`, `updated_at`) VALUES
(49, 'Nam Quang Luu', 'AkiraNam1999@gmail.com', 'Hay', 1, NULL, 12, '2020-07-09 13:08:55', '2020-07-09 13:08:55'),
(50, 'Nam Quang Luu', 'AkiraNam1999@gmail.com', 'hay', 1, NULL, 20, '2020-07-14 00:19:45', '2020-07-14 00:19:45'),
(51, 'Nam Quang Luu', 'AkiraNam1999@gmail.com', 'Tuyệt thật', 1, NULL, 20, '2020-07-14 00:19:56', '2020-07-14 00:19:56'),
(52, 'Nam Lưu', 'namlq.mhy@gmail.com', 'Bài viết hay', 1, NULL, 20, '2020-07-21 21:44:05', '2020-07-21 21:44:05'),
(53, 'Hiển', 'hiennguyen@gmal.com', 'Tốt', 1, NULL, 20, '2020-07-21 21:45:48', '2020-07-21 21:45:48'),
(54, 'Nam Lưu', 'namlq.mhy@gmail.com', 'Sản phẩm tốt', 1, 23, NULL, '2020-07-21 22:57:34', '2020-07-21 22:57:34'),
(55, 'Nam Lưu', 'namlq.mhy@gmail.com', 'Bài hay lắm', 1, NULL, 20, '2020-07-22 04:07:08', '2020-07-22 04:07:08'),
(56, 'Nam Lưu', 'namlq.mhy@gmail.com', 'Bài viết hữu ích', 1, NULL, 22, '2020-07-22 04:09:25', '2020-07-22 04:09:25');

-- --------------------------------------------------------

--
-- Cấu trúc bảng cho bảng `contacts`
--

CREATE TABLE `contacts` (
  `id` bigint(20) UNSIGNED NOT NULL,
  `name` varchar(255) COLLATE utf8mb4_unicode_ci NOT NULL,
  `email` varchar(255) COLLATE utf8mb4_unicode_ci NOT NULL,
  `contact_status_id` bigint(20) UNSIGNED NOT NULL,
  `phone` int(11) NOT NULL,
  `content` varchar(255) COLLATE utf8mb4_unicode_ci NOT NULL,
  `created_at` timestamp NULL DEFAULT NULL,
  `updated_at` timestamp NULL DEFAULT NULL
) ENGINE=InnoDB DEFAULT CHARSET=utf8mb4 COLLATE=utf8mb4_unicode_ci;

--
-- Đang đổ dữ liệu cho bảng `contacts`
--

INSERT INTO `contacts` (`id`, `name`, `email`, `contact_status_id`, `phone`, `content`, `created_at`, `updated_at`) VALUES
(17, 'Hiển', 'hien99@gamil.com', 2, 869588581, 'tôi chưa nhận được hàng', '2020-07-13 16:28:11', '2020-07-13 16:31:24'),
(18, 'Thanh', 'thanh@gmail.com', 2, 23456, 'very good', '2020-07-13 16:30:13', '2020-07-21 21:38:29'),
(19, 'Trang', 'hien123@gmai.com', 1, 123456, 'hỗ trợ nhiệt tình', '2020-07-13 16:34:22', '2020-07-13 16:34:22'),
(20, 'Nguyễn Thế Cao', 'thanhnguyen2000@gmail.com', 1, 984285221, 'Tôi cần tư vấn', '2020-07-21 21:20:20', '2020-07-21 21:20:20');

-- --------------------------------------------------------

--
-- Cấu trúc bảng cho bảng `contact_status`
--

CREATE TABLE `contact_status` (
  `id` bigint(20) UNSIGNED NOT NULL,
  `name` varchar(255) COLLATE utf8mb4_unicode_ci NOT NULL,
  `created_at` timestamp NULL DEFAULT NULL,
  `updated_at` timestamp NULL DEFAULT NULL
) ENGINE=InnoDB DEFAULT CHARSET=utf8mb4 COLLATE=utf8mb4_unicode_ci;

--
-- Đang đổ dữ liệu cho bảng `contact_status`
--

INSERT INTO `contact_status` (`id`, `name`, `created_at`, `updated_at`) VALUES
(1, 'Mới', NULL, NULL),
(2, 'Đã xử lý', NULL, NULL);

-- --------------------------------------------------------

--
-- Cấu trúc bảng cho bảng `coupons`
--

CREATE TABLE `coupons` (
  `id` bigint(20) UNSIGNED NOT NULL,
  `code` varchar(255) COLLATE utf8mb4_unicode_ci NOT NULL,
  `type` int(11) NOT NULL,
  `value` int(11) DEFAULT NULL,
  `percent` int(11) DEFAULT NULL,
  `is_active` int(11) NOT NULL DEFAULT 1,
  `created_at` timestamp NULL DEFAULT NULL,
  `updated_at` timestamp NULL DEFAULT NULL
) ENGINE=InnoDB DEFAULT CHARSET=utf8mb4 COLLATE=utf8mb4_unicode_ci;

--
-- Đang đổ dữ liệu cho bảng `coupons`
--

INSERT INTO `coupons` (`id`, `code`, `type`, `value`, `percent`, `is_active`, `created_at`, `updated_at`) VALUES
(1, 'HIENDZ', 1, 50000, NULL, 1, NULL, '2020-07-14 19:47:44'),
(2, 'HIENSIEUDZ', 2, NULL, 50, 1, NULL, NULL),
(3, 'Pull-10', 2, NULL, 20, 1, '2020-07-14 19:21:00', '2020-07-21 22:24:34'),
(5, 'Pull-5000', 1, 5000, NULL, 1, '2020-07-14 19:28:27', '2020-07-14 19:28:27');

-- --------------------------------------------------------

--
-- Cấu trúc bảng cho bảng `image_uploads`
--

CREATE TABLE `image_uploads` (
  `id` bigint(20) UNSIGNED NOT NULL,
  `filename` varchar(255) COLLATE utf8mb4_unicode_ci DEFAULT NULL,
  `product_id` bigint(20) UNSIGNED NOT NULL,
  `created_at` timestamp NULL DEFAULT NULL,
  `updated_at` timestamp NULL DEFAULT NULL
) ENGINE=InnoDB DEFAULT CHARSET=utf8mb4 COLLATE=utf8mb4_unicode_ci;

--
-- Đang đổ dữ liệu cho bảng `image_uploads`
--

INSERT INTO `image_uploads` (`id`, `filename`, `product_id`, `created_at`, `updated_at`) VALUES
(38, 'uploads/product/images/65166870_315962699287405_6234691942689538048_o.jpg', 22, '2020-06-08 20:21:45', '2020-06-08 20:21:45'),
(39, 'uploads/product/images/65166870_315962699287405_6234691942689538048_o.jpg', 22, '2020-06-08 20:21:45', '2020-06-08 20:21:45'),
(41, 'uploads/product/images/anh1_1024x1024.webp', 23, '2020-06-10 14:02:03', '2020-06-10 14:02:03'),
(42, 'uploads/product/images/anh3_1024x1024.webp', 23, '2020-06-10 14:02:03', '2020-06-10 14:02:03'),
(43, 'uploads/product/images/8-01_c54b122ba47a49478c384998026e1c3d_1024x1024.webp', 24, '2020-06-10 18:11:16', '2020-06-10 18:11:16'),
(44, 'uploads/product/images/3_2a7cfc9b96f4422787bdfb25aaffd582_1024x1024.webp', 24, '2020-06-10 18:11:16', '2020-06-10 18:11:16'),
(45, 'uploads/product/images/02800den__6__dc4652dfe35a43c4921904b1d59da341_1024x1024.webp', 25, '2020-06-10 18:14:09', '2020-06-10 18:14:09'),
(46, 'uploads/product/images/02800den__4__c1690fe56283430d855d48610c84e7fc_1024x1024.webp', 25, '2020-06-10 18:14:09', '2020-06-10 18:14:09'),
(47, 'uploads/product/images/01203den__1__0ef72fbf9b044fdcacfbb88dca57bccf_1024x1024.webp', 26, '2020-06-10 18:19:15', '2020-06-10 18:19:15'),
(48, 'uploads/product/images/01203den__4__6735c40a86f24762ad795a1e7f02ac81_1024x1024.webp', 26, '2020-06-10 18:19:15', '2020-06-10 18:19:15'),
(49, 'uploads/product/images/02300kem__6__568aebdf0746442886c0243efec5db41_1024x1024.webp', 27, '2020-06-10 18:38:26', '2020-06-10 18:38:26'),
(50, 'uploads/product/images/02300kem__5__ba205c759ec34ecebfcba20644b13f5b_1024x1024.webp', 27, '2020-06-10 18:38:26', '2020-06-10 18:38:26'),
(51, 'uploads/product/images/dsc_0007_a87fec05a51d4b07b0ba63dd0e2d622d_1024x1024.webp', 28, '2020-06-10 18:41:14', '2020-06-10 18:41:14'),
(52, 'uploads/product/images/dsc_0005_33dd2a3038ba44559165136e2e1b33e6_1024x1024.webp', 28, '2020-06-10 18:41:14', '2020-06-10 18:41:14'),
(53, 'uploads/product/images/01201trg__1__ce515d7c7fe448d28a9afeda5335522f_1024x1024.webp', 29, '2020-06-10 18:43:21', '2020-06-10 18:43:21'),
(54, 'uploads/product/images/01201trg__4__f2bfbdab1a234dc6b91385b3eec8134e_1024x1024.webp', 29, '2020-06-10 18:43:21', '2020-06-10 18:43:21'),
(55, 'uploads/product/images/02200den__1__ac3c96e7fd97482dac5e9e00ff7ca9b4_1024x1024.webp', 30, '2020-06-10 18:45:50', '2020-06-10 18:45:50'),
(56, 'uploads/product/images/02200den__6__78f08892b7844c939fe8ad4b140a679d_1024x1024.webp', 30, '2020-06-10 18:45:50', '2020-06-10 18:45:50'),
(57, 'uploads/product/images/03001__5__d93a5922646a4e00b470ed1fbff12271_1024x1024.webp', 31, '2020-06-10 18:48:03', '2020-06-10 18:48:03'),
(58, 'uploads/product/images/03001__3__bb2ea02717ff4cf6ae1161d122c8c5b7_1024x1024.webp', 31, '2020-06-10 18:48:03', '2020-06-10 18:48:03'),
(59, 'uploads/product/images/dsg001877hog__1__10ad49970a7b4b1fa204ea63a5697137_1024x1024.webp', 32, '2020-06-10 18:50:50', '2020-06-10 18:50:50'),
(60, 'uploads/product/images/dsg001877hog__4__03f6feadb75b40e88494ea4d1cf4013c_1024x1024.webp', 32, '2020-06-10 18:50:50', '2020-06-10 18:50:50'),
(61, 'uploads/product/images/dsg000600hog__6__54cdc091db9a429eaa6d19ff4eeab623_1024x1024.webp', 33, '2020-06-10 18:53:45', '2020-06-10 18:53:45'),
(62, 'uploads/product/images/dsg000600hog__5__5f2f9ecb9d31477ba3027bdd75bc893c_1024x1024.webp', 33, '2020-06-10 18:53:45', '2020-06-10 18:53:45'),
(63, 'uploads/product/images/deg000200hog__6__fe620d29d1a341cab455eccdcef018e6_1024x1024.jpg', 34, '2020-06-10 18:59:08', '2020-06-10 18:59:08'),
(64, 'uploads/product/images/deg000200hog__5__ca58212a2fe841f88af9296d590c0feb_1024x1024.webp', 34, '2020-06-10 18:59:08', '2020-06-10 18:59:08'),
(65, 'uploads/product/images/dbb008288trg__6__e50f0325bc36403ca176f85123c8ce02_1024x1024.webp', 35, '2020-06-10 19:11:25', '2020-06-10 19:11:25'),
(66, 'uploads/product/images/dbb008288trg__5__f310277cfee4419f83f65c3803d71a76_1024x1024.webp', 35, '2020-06-10 19:11:25', '2020-06-10 19:11:25'),
(67, 'uploads/product/images/dbb008288den__6__27a18d6478404a4dbfa65c5c63741e6c_1024x1024.webp', 36, '2020-06-10 19:44:48', '2020-06-10 19:44:48'),
(68, 'uploads/product/images/dbb008288den__5__2e6f035ae45f4623868ee90af6163cbb_1024x1024.webp', 36, '2020-06-10 19:44:48', '2020-06-10 19:44:48'),
(69, 'uploads/product/images/dbb008611trg__1__9e88b57e5f5b457895b6802709fb43cc_1024x1024.jpg', 37, '2020-06-10 19:54:16', '2020-06-10 19:54:16'),
(70, 'uploads/product/images/dbb008611trg__6__b3da491b50144ee4a6fb2e97a7450903_1024x1024.jpg', 37, '2020-06-10 19:54:17', '2020-06-10 19:54:17'),
(71, 'uploads/product/images/drb030400doo__1__6c2e85db8b9e448787e01fcef835388b_1024x1024.webp', 38, '2020-06-10 19:57:35', '2020-06-10 19:57:35'),
(72, 'uploads/product/images/drb030400doo__4__a57c57f9cea441899c12e83edf3c7764_1024x1024.webp', 38, '2020-06-10 19:57:35', '2020-06-10 19:57:35'),
(73, 'uploads/product/images/deb005900xdg__6__6154c31668d9485285a2ff93ecb6a533_1024x1024.webp', 39, '2020-06-10 20:01:39', '2020-06-10 20:01:39'),
(74, 'uploads/product/images/deb005900xdg__4__65b4b1c7035d49409a188d721268e35a_1024x1024.jpg', 39, '2020-06-10 20:01:39', '2020-06-10 20:01:39'),
(75, 'uploads/product/images/deb005600doo__6__a99dd12bbe1240caa51057d8749194cb_1024x1024.webp', 40, '2020-06-10 20:03:38', '2020-06-10 20:03:38'),
(76, 'uploads/product/images/deb005600doo__2__2591a572b48a4b6a896cb4a7c4b6a2fe_1024x1024.jpg', 40, '2020-06-10 20:03:38', '2020-06-10 20:03:38'),
(77, 'uploads/product/images/dsb131811doo__1__d4bb8d5b61cb477e9e19eff268af318f_1024x1024.webp', 41, '2020-06-10 20:05:28', '2020-06-10 20:05:28'),
(78, 'uploads/product/images/dsb131811doo__6__7ec2fa3b395341a6939bac8a16605c5a_1024x1024.jpg', 41, '2020-06-10 20:05:28', '2020-06-10 20:05:28'),
(79, 'uploads/product/images/dsb130411doo__1__3f1af71b13cb4cabb30d73fa01cbc372_1024x1024.webp', 42, '2020-06-10 20:07:10', '2020-06-10 20:07:10'),
(80, 'uploads/product/images/dsb130411doo__6__20f58e6d65db4a30b6a31cc468793104_1024x1024.webp', 42, '2020-06-10 20:07:10', '2020-06-10 20:07:10'),
(81, 'uploads/product/images/dsb132600xdg__1__38d1a04aa54640ae84a76863e4fb7fc8_1024x1024.webp', 43, '2020-06-10 20:09:35', '2020-06-10 20:09:35'),
(82, 'uploads/product/images/dsb132600xdg__4__6d1279a774304878a82d59a9c742571d_1024x1024.webp', 43, '2020-06-10 20:09:35', '2020-06-10 20:09:35'),
(83, 'uploads/product/images/dsc_0007_941556f3410042a382c0f6b011b721f0_1024x1024.webp', 44, '2020-06-10 20:12:37', '2020-06-10 20:12:37'),
(84, 'uploads/product/images/dsc_0004_2e555fdd24534353acecbb9cee43b246_1024x1024.webp', 44, '2020-06-10 20:12:37', '2020-06-10 20:12:37'),
(85, 'uploads/product/images/aiuh00100den__2__1024x1024.webp', 47, '2020-06-10 20:17:44', '2020-06-10 20:17:44'),
(86, 'uploads/product/images/aiuh00100den__4__1024x1024.webp', 47, '2020-06-10 20:17:44', '2020-06-10 20:17:44'),
(87, 'uploads/product/images/dsc_0044-2_06b05983cf2f4956a1abb887991e68a3_1024x1024.webp', 48, '2020-06-10 20:19:59', '2020-06-10 20:19:59'),
(88, 'uploads/product/images/dsc_0046_7f8dc33279b141e09fa8b1f131bc1b36_1024x1024.webp', 48, '2020-06-10 20:19:59', '2020-06-10 20:19:59'),
(89, 'uploads/product/images/dsc_0046a-02_7fd4158055d84c248e615658c9a7c109_1024x1024.webp', 49, '2020-06-10 20:23:13', '2020-06-10 20:23:13'),
(90, 'uploads/product/images/dsc_0048_c08d73e6de5a44d2843536c82738c0f1_1024x1024.webp', 49, '2020-06-10 20:23:13', '2020-06-10 20:23:13'),
(91, 'uploads/product/images/Giay_Stan_Smith_Mau_trang_M20324_HM1.jpg', 50, '2020-06-10 20:28:18', '2020-06-10 20:28:18'),
(92, 'uploads/product/images/Giay_Stan_Smith_Mau_trang_M20324_41_detail.jpg', 50, '2020-06-10 20:28:18', '2020-06-10 20:28:18'),
(93, 'uploads/product/images/Giay_4D_Run_1.0_LTD_Mau_xam_FW1230_41_detail.jpg', 51, '2020-06-10 20:31:00', '2020-06-10 20:31:00'),
(94, 'uploads/product/images/Giay_4D_Run_1.0_LTD_Mau_xam_FW1230_010_hover_standard.jpg', 51, '2020-06-10 20:31:00', '2020-06-10 20:31:00'),
(95, 'uploads/product/images/Giay_RapidaRun_Mau_djen_FY6549_41_detail.jpg', 52, '2020-06-10 20:33:31', '2020-06-10 20:33:31'),
(96, 'uploads/product/images/Giay_RapidaRun_Mau_djen_FY6549_42_detail.jpg', 52, '2020-06-10 20:33:31', '2020-06-10 20:33:31'),
(97, 'uploads/product/images/Mu_luoi_trai_Trefoil_khuy_bam_Mau_djen_DV0176_02_standard.jpg', 55, '2020-06-10 20:40:53', '2020-06-10 20:40:53'),
(98, 'uploads/product/images/Mu_luoi_trai_Trefoil_khuy_bam_Mau_djen_DV0176_42_detail.jpg', 55, '2020-06-10 20:40:53', '2020-06-10 20:40:53'),
(99, 'uploads/product/images/Giay_UltraBoost_20_Mau_trang_EG0724_42_detail.jpg', 56, '2020-06-10 20:43:51', '2020-06-10 20:43:51'),
(100, 'uploads/product/images/Giay_UltraBoost_20_Mau_trang_EG0724_43_detail.jpg', 56, '2020-06-10 20:43:51', '2020-06-10 20:43:51'),
(101, 'uploads/product/images/Giay_SL20_Mau_djen_EG1144_05_standard.jpg', 57, '2020-06-10 20:46:49', '2020-06-10 20:46:49'),
(102, 'uploads/product/images/Giay_SL20_Mau_djen_EG1144_42_detail.jpg', 57, '2020-06-10 20:46:49', '2020-06-10 20:46:49'),
(103, 'uploads/product/images/giay-luoi-cong-so-sdrolun-mau-den-moi-nhat-ma-gl21817d-giaynam (5).png', 59, '2020-06-11 12:57:21', '2020-06-11 12:57:21'),
(104, 'uploads/product/images/giay-luoi-cong-so-sdrolun-mau-den-moi-nhat-ma-gl21817d-giaynam (4).png', 59, '2020-06-11 12:57:21', '2020-06-11 12:57:21'),
(105, 'uploads/product/images/giay-luoi-gucci-logo-lech-vien-ke-xanh-do-glgc19-2-1.jpg', 60, '2020-06-11 13:05:33', '2020-06-11 13:05:33'),
(106, 'uploads/product/images/giay-luoi-gucci-logo-lech-vien-ke-xanh-do-glgc19-5.jpg', 60, '2020-06-11 13:05:33', '2020-06-11 13:05:33'),
(107, 'uploads/product/images/giay-sneaker-gucci-men-s-ace-leather-mau-den-5e06c5f688c0d-28122019100318.jpg', 61, '2020-06-11 13:14:08', '2020-06-11 13:14:08'),
(108, 'uploads/product/images/giay-sneaker-gucci-men-s-ace-leather-mau-den-5e06c5f68479a-28122019100318.jpg', 61, '2020-06-11 13:14:08', '2020-06-11 13:14:08'),
(109, 'uploads/product/images/giay-gucci-men-s-ace-embroidered-sneaker-mau-trang-5e1c19be8fdb5-13012020141822.jpg', 62, '2020-06-11 13:18:04', '2020-06-11 13:18:04'),
(110, 'uploads/product/images/giay-gucci-men-s-ace-embroidered-sneaker-mau-trang-5e1c19be5efdd-13012020141822.jpg', 62, '2020-06-11 13:18:04', '2020-06-11 13:18:04'),
(111, 'uploads/product/images/giay-gucci-baskets-en-cuir-avec-bande-mau-den-5e043e5f0e610-26122019120015.jpg', 63, '2020-06-11 13:21:30', '2020-06-11 13:21:30'),
(112, 'uploads/product/images/giay-gucci-baskets-en-cuir-avec-bande-mau-den-5e043e5f2b51d-26122019120015.jpg', 63, '2020-06-11 13:21:30', '2020-06-11 13:21:30'),
(113, 'uploads/product/images/giay-gucci-women-s-ace-gg-supreme-sneaker-with-bees-5e057d119ffeb-27122019104001.jpg', 64, '2020-06-11 13:24:42', '2020-06-11 13:24:42'),
(114, 'uploads/product/images/giay-gucci-women-s-ace-gg-supreme-sneaker-with-bees-5e057d119d8e3-27122019104001.jpg', 64, '2020-06-11 13:24:42', '2020-06-11 13:24:42'),
(115, 'uploads/product/images/gfw013000hog__1__b81439de4dd54feaa5c4d96830a0c283_1024x1024.webp', 65, '2020-06-11 13:30:18', '2020-06-11 13:30:18'),
(116, 'uploads/product/images/gfw013000hog__4__f0b950db98764e7c9309be9f714d3e74_1024x1024.webp', 65, '2020-06-11 13:30:18', '2020-06-11 13:30:18'),
(117, 'uploads/product/images/gfw009488den__5__a5e0312cd1c14adea0c965b99530caeb_1024x1024.jpg', 66, '2020-06-11 13:33:26', '2020-06-11 13:33:26'),
(118, 'uploads/product/images/gfw009488den__1__0edad3a069344badb0f2b67b3a9493f5_1024x1024.jpg', 66, '2020-06-11 13:33:26', '2020-06-11 13:33:26'),
(119, 'uploads/product/images/a-mau_2_3__1024x1024.jpg', 67, '2020-06-11 13:36:08', '2020-06-11 13:36:08'),
(120, 'uploads/product/images/a-mau_2_6__1024x1024.jpg', 67, '2020-06-11 13:36:08', '2020-06-11 13:36:08'),
(121, 'uploads/product/images/gfw011388den__1__14ea440b1c3c4ba08127fd1c686cc091_1024x1024.jpg', 68, '2020-06-11 13:38:30', '2020-06-11 13:38:30'),
(122, 'uploads/product/images/gfw011388den__6__9e8e1079943d4d848c4f8decad4715a2_1024x1024.jpg', 68, '2020-06-11 13:38:30', '2020-06-11 13:38:30'),
(123, 'uploads/product/images/a-mau_38_5__1024x1024.jpg', 69, '2020-06-11 13:40:26', '2020-06-11 13:40:26'),
(124, 'uploads/product/images/a-mau_38_4__1024x1024.webp', 69, '2020-06-11 13:40:26', '2020-06-11 13:40:26'),
(125, 'uploads/product/images/gfw012988kem__1__691ce6ad8c1d46e48a33143d098d2bbe_1024x1024.webp', 70, '2020-06-11 13:42:28', '2020-06-11 13:42:28'),
(126, 'uploads/product/images/gfw012988kem__6__2fe3f8ebee5f4d14907adc6d7bedcb4c_1024x1024.jpg', 70, '2020-06-11 13:42:28', '2020-06-11 13:42:28'),
(127, 'uploads/product/images/dxb125411doo__6__df95bfc1ba7540f38aae793cfd6d9dbf_1024x1024.webp', 72, '2020-06-11 13:48:53', '2020-06-11 13:48:53'),
(128, 'uploads/product/images/dxb125411doo__2__62e19ece4e734a1d91d0e45bc827bf63_1024x1024.webp', 72, '2020-06-11 13:48:53', '2020-06-11 13:48:53'),
(129, 'uploads/product/images/dxb125799den__6__4c87e4b65b4a418d9e96e71c8aeacfe8_1024x1024.jpg', 73, '2020-06-11 13:50:37', '2020-06-11 13:50:37'),
(130, 'uploads/product/images/dxb125799den__5__a077600e76dd4f848e5af505f12aeaf9_1024x1024.webp', 73, '2020-06-11 13:50:37', '2020-06-11 13:50:37'),
(131, 'uploads/product/images/dxb125622cam__1__4f46bacb030b487ea5342e7e4ccd536e_1024x1024.webp', 74, '2020-06-11 13:52:49', '2020-06-11 13:52:49'),
(132, 'uploads/product/images/dxb125622cam__4__235b759b4d0b408db1a625dba14f82e5_1024x1024.jpg', 74, '2020-06-11 13:52:49', '2020-06-11 13:52:49'),
(133, 'uploads/product/images/dxg001322doo__1__ef5d4c3e49544d7eb7bd94c882a105fb_1024x1024.webp', 75, '2020-06-11 13:55:16', '2020-06-11 13:55:16'),
(134, 'uploads/product/images/dxg001322doo__4__6ad2f69edd99471da4c7708d13e340ae_1024x1024.jpg', 75, '2020-06-11 13:55:16', '2020-06-11 13:55:16'),
(137, 'uploads/product/images/65166870_315962699287405_6234691942689538048_o.jpg', 77, '2020-06-11 17:40:58', '2020-06-11 17:40:58'),
(149, 'uploads/product/images/testUpload.jpg', 83, '2020-06-11 19:38:01', '2020-06-11 19:38:01');

-- --------------------------------------------------------

--
-- Cấu trúc bảng cho bảng `migrations`
--

CREATE TABLE `migrations` (
  `id` int(10) UNSIGNED NOT NULL,
  `migration` varchar(255) COLLATE utf8mb4_unicode_ci NOT NULL,
  `batch` int(11) NOT NULL
) ENGINE=InnoDB DEFAULT CHARSET=utf8mb4 COLLATE=utf8mb4_unicode_ci;

--
-- Đang đổ dữ liệu cho bảng `migrations`
--

INSERT INTO `migrations` (`id`, `migration`, `batch`) VALUES
(148, '2014_10_12_000000_create_users_table', 1),
(149, '2014_10_12_100000_create_password_resets_table', 1),
(150, '2020_08_09_075748_create_admins_table', 1),
(151, '2020_08_09_075918_create_aboutus_table', 1),
(152, '2020_08_09_080142_create_banners_table', 1),
(153, '2020_08_09_080639_create_blogs_table', 1),
(154, '2020_08_09_081020_create_brands_table', 1),
(155, '2020_08_09_081021_create_vendors_table', 1),
(156, '2020_08_09_081410_create_categories_table', 1),
(157, '2020_08_09_081411_create_products_table', 1),
(158, '2020_08_09_083519_create_comments_table', 1),
(159, '2020_08_09_084104_create_contact_status_table', 1),
(160, '2020_08_09_084105_create_contacts_table', 1),
(161, '2020_08_09_084853_create_coupons_table', 1),
(162, '2020_08_09_085536_create_filenames_table', 1),
(163, '2020_08_09_085942_create_order_status_table', 1),
(164, '2020_08_09_085943_create_orders_table', 1),
(165, '2020_08_09_090807_create_order_detail_table', 1),
(166, '2020_08_09_091405_create_pages_table', 1),
(167, '2020_08_09_092346_create_settings_table', 1);

-- --------------------------------------------------------

--
-- Cấu trúc bảng cho bảng `orders`
--

CREATE TABLE `orders` (
  `id` bigint(20) UNSIGNED NOT NULL,
  `code` varchar(255) COLLATE utf8mb4_unicode_ci DEFAULT NULL,
  `fullname` varchar(255) COLLATE utf8mb4_unicode_ci NOT NULL,
  `email` varchar(255) COLLATE utf8mb4_unicode_ci NOT NULL,
  `address` varchar(255) COLLATE utf8mb4_unicode_ci NOT NULL,
  `address2` varchar(255) COLLATE utf8mb4_unicode_ci DEFAULT NULL,
  `phone` int(11) NOT NULL,
  `discount` int(11) NOT NULL,
  `note` varchar(255) COLLATE utf8mb4_unicode_ci DEFAULT NULL,
  `coupon_id` bigint(20) UNSIGNED DEFAULT NULL,
  `total` int(11) NOT NULL,
  `user_id` bigint(20) UNSIGNED DEFAULT NULL,
  `order_status_id` bigint(20) UNSIGNED NOT NULL,
  `payment_id` int(11) DEFAULT NULL,
  `created_at` timestamp NULL DEFAULT NULL,
  `updated_at` timestamp NULL DEFAULT NULL
) ENGINE=InnoDB DEFAULT CHARSET=utf8mb4 COLLATE=utf8mb4_unicode_ci;

--
-- Đang đổ dữ liệu cho bảng `orders`
--

INSERT INTO `orders` (`id`, `code`, `fullname`, `email`, `address`, `address2`, `phone`, `discount`, `note`, `coupon_id`, `total`, `user_id`, `order_status_id`, `payment_id`, `created_at`, `updated_at`) VALUES
(18, 'DH-18-14072020', 'Nguyễn Thu Hương', 'huong@gmail.com', 'Hà nội', 'Hoàng mai hà nội', 123456789, 0, 'Giao giờ hành chính', NULL, 55449000, NULL, 2, 0, '2020-07-13 15:12:51', '2020-07-21 21:38:15'),
(19, 'DH-19-14072020', 'Nguyễn Huy Hoàng', 'hoang@gmail.com', 'Thành phố Hồ Chí Minh', '', 123456, 0, NULL, NULL, 10435000, NULL, 1, 0, '2020-07-13 15:16:10', '2020-07-13 15:16:11'),
(20, 'DH-20-14072020', 'Hien', 'hien@gmail.com', 'Yên Bái', 'TP Yên Bái', 2147483647, 0, 'nhận hàng vào chủ nhật', NULL, 3753000, NULL, 3, 0, '2020-07-13 15:19:35', '2020-07-13 15:20:05'),
(21, 'DH-21-14072020', 'Nguyễn Thị Mỵ', 'my@gmail.com', 'Hà nội', '', 985422543, 0, NULL, NULL, 10811000, NULL, 1, 0, '2020-07-13 15:24:09', '2020-07-13 15:24:09'),
(24, 'DH-24-14072020', 'Nguyễn Như Đạt', 'nhudat@gmail.com', 'Từ Sơn, Bắc Ninh', '', 912527321, 0, 'Giao hàng ngoài giờ hành chính', NULL, 1700000, NULL, 2, 0, '2020-07-14 01:53:49', '2020-07-14 01:58:03'),
(25, 'DH-25-14072020', 'Nguyễn Văn Huy', 'huykinh@gmail.com', '124 Nguyễn Văn Cừ, Thành Phố Bắc Ninh', '', 912864529, 0, 'Từ chối nhận hàng', NULL, 3699000, NULL, 4, 0, '2020-07-14 02:02:38', '2020-07-14 02:03:06'),
(26, 'DH-26-22072020', 'Nguyễn Trường Thành', 'thanhnguyen2000@gmail.com', '295 Lĩnh Nam, Hoàng Mai, Hà Nội', '', 925817258, 0, NULL, NULL, 1708000, NULL, 1, 0, '2020-07-21 19:32:56', '2020-07-21 19:32:56'),
(29, 'DH-29-22072020', 'Nguyễn Văn A', 'namlq.mhy@gmail.com', 'Lĩnh Nam', '', 925817258, 391900, NULL, 3, 3919000, NULL, 4, 0, '2020-07-21 22:19:52', '2020-07-21 22:25:42'),
(30, 'DH-30-07082020', 'Nam Luu', 'namlq.mhy@gmail.com', 'Linh Nam\r\nHoang Mai', '', 327874432, 0, 'Test nhé ae ơi', NULL, 3699000, NULL, 1, 0, '2020-08-07 00:45:51', '2020-08-07 00:45:51'),
(31, 'DH-31-07082020', 'Nam Luu', 'namlq.mhy@gmail.com', 'Linh Nam\r\nHoang Mai', '', 327874432, 0, 'tôi nhận hàng giờ hành chính', NULL, 3699000, NULL, 1, 0, '2020-08-07 00:47:23', '2020-08-07 00:47:23'),
(32, 'DH-32-13102020', 'Nam Luu', 'namlq.mhy@gmail.com', 'Linh Nam\r\nHoang Mai', NULL, 327874432, 0, NULL, NULL, 599000, NULL, 1, NULL, '2020-10-13 00:31:42', '2020-10-13 00:31:42'),
(33, 'DH-33-14102020', 'Nam Luu', 'namlq.mhy@gmail.com', 'Linh Nam\r\nHoang Mai', NULL, 327874432, 499800, NULL, 3, 2499000, NULL, 4, NULL, '2020-10-14 08:32:25', '2020-11-11 02:41:48'),
(34, 'DH-34-11112020', 'Nam Luu', 'namlq.mhy@gmail.com', 'Linh Nam\r\nHoang Mai', NULL, 327874432, 0, NULL, NULL, 4350000, NULL, 3, NULL, '2020-11-11 02:37:47', '2020-11-11 02:41:25'),
(35, 'DH-35-18112020', 'Nam Luu', 'namlq.mhy@gmail.com', 'Linh Nam\r\nHoang Mai', NULL, 327874432, 0, NULL, NULL, 2600000, NULL, 1, NULL, '2020-11-17 18:41:16', '2020-11-17 18:41:16'),
(36, 'DH-36-18112020', 'Nam Luu', 'namlq.mhy@gmail.com', 'Linh Nam\r\nHoang Mai', NULL, 327874432, 0, '24', NULL, 599000, NULL, 1, NULL, '2020-11-17 20:31:07', '2020-11-17 20:31:07');

-- --------------------------------------------------------

--
-- Cấu trúc bảng cho bảng `order_detail`
--

CREATE TABLE `order_detail` (
  `id` bigint(20) UNSIGNED NOT NULL,
  `name` varchar(255) COLLATE utf8mb4_unicode_ci NOT NULL,
  `image` varchar(255) COLLATE utf8mb4_unicode_ci NOT NULL,
  `sku` varchar(255) COLLATE utf8mb4_unicode_ci NOT NULL,
  `user_id` int(10) DEFAULT NULL,
  `order_id` bigint(20) UNSIGNED NOT NULL,
  `product_id` bigint(20) UNSIGNED DEFAULT NULL,
  `price` int(11) NOT NULL,
  `quanty` int(11) NOT NULL,
  `created_at` timestamp NULL DEFAULT NULL,
  `updated_at` timestamp NULL DEFAULT NULL
) ENGINE=InnoDB DEFAULT CHARSET=utf8mb4 COLLATE=utf8mb4_unicode_ci;

--
-- Đang đổ dữ liệu cho bảng `order_detail`
--

INSERT INTO `order_detail` (`id`, `name`, `image`, `sku`, `user_id`, `order_id`, `product_id`, `price`, `quanty`, `created_at`, `updated_at`) VALUES
(15, 'BEN & JERRY\'S X NIKE SB DUNK LOW CHUNKY DUNKY', 'uploads/product/1594438658_ben-jerry-s-x-nike-sb-dunk-low-chunky-dunky.jpg', 'AF125', NULL, 18, 97, 110000, 1, NULL, NULL),
(16, 'Giày Thể Thao Nam Biti\'s Hunter Street #DNA OG DSMH02502DOO (Đỏ) - Đồng sáng tạo cùng Vietmax', 'uploads/product/1594438127_dsc_0029_38ea26fffa44412caa92556ffb1af706_1024x1024.webp', 'DSMH02502DOO39', NULL, 18, 96, 699000, 1, '2020-11-09 04:29:19', NULL),
(17, 'Giày Gucci Men\'s Shanghai Tropical Print Slip-On Sneakers, Màu Đen', 'uploads/product/1594437772_giay-gucci-men-s-shanghai-tropical-print-slip-on-sneakers-mau-den-5e1d7a496edda-14012020152233.jpg', 'h019535', NULL, 18, 95, 7200000, 1, NULL, NULL),
(18, 'NIKE AIR FORCE 1 X G-DRAGON PARA NOISE 1:1', 'uploads/product/1594352312_nike-air-force-1-para-noise-x-peaceminusone.jpg', 'AF118', NULL, 18, 90, 1250000, 1, '2020-11-10 04:29:52', NULL),
(19, 'ADIDAS ULTRA BOOST 20 CREAM ORANGE PATTERN LOGO', 'uploads/product/1594352818_adidas-ultra-boost-20-cream-orange-pattern-logo.jpg', 'UTB49', NULL, 18, 91, 1250000, 1, NULL, NULL),
(20, 'ADIDAS ULTRA BOOST 4.0 BLACK ORANGE 1:1', 'uploads/product/1594353131_adidas-ultra-boost-4-0-black-orange-1-1.jpg', 'UTB51', NULL, 18, 92, 1000000, 1, NULL, NULL),
(21, 'NIKE PEGASUS TURBO XANH NGỌC NAM', 'uploads/product/1594351860_nike-pegasus-turbo-xanh-ngoc-nam-nu.jpg', 'TB6', NULL, 18, 89, 750000, 1, '2020-11-03 04:30:13', NULL),
(22, 'NIKE AIR MORE UPTEMPO 96 ĐEN XÁM TRẮNG NAM', 'uploads/product/1594351521_nike-air-more-uptempo-96-den-xam-trang-nam-nu.jpg', 'UP6', NULL, 18, 88, 800000, 1, NULL, NULL),
(23, 'NIKE AIR MAX 270 X SUPREME RED - ĐỎ NAM, NỮ', 'uploads/product/1594351255_nike-air-max-270-x-supreme-red-do-nam-nu.jpg', 'AM2708', NULL, 18, 87, 850000, 1, NULL, NULL),
(24, 'NIKE M2K TRẮNG XANH CAM', 'uploads/product/1594350931_nike-m2k-trang-xanh-cam-nam-nike-m2k-trang-xanh-cam.jpg', 'M2K2', NULL, 18, 86, 800000, 1, '2020-11-17 04:34:08', NULL),
(25, 'Giày Thể Thao Nam Bit\'s Hunter Core DSMH02700TRG (Trắng)', 'uploads/product/1594349527_02700trg__2__b55d2340498c46749e42926109faffa7_1024x1024.webp', 'Bitis1123', NULL, 18, 81, 650000, 1, '2020-11-17 04:33:31', NULL),
(26, 'ADIDAS YEEZY 350 V2 EARTH (NÂU ĐẤT) NAM 1:1', 'uploads/product/1591958746_adidas-yeezy-350-v2-earth-nau-dat-nam-nu-1-1.jpg', 'YZ64', NULL, 18, 71, 1100000, 1, NULL, NULL),
(27, 'Giày Gucci Unisex Ace GG Supreme Sneaker With Bees', 'uploads/product/1591957482_giay-gucci-women-s-ace-gg-supreme-sneaker-with-bees-5e057d119f154-27122019104001.jpg', 'h018989', NULL, 18, 64, 13490000, 1, NULL, NULL),
(28, 'Giày Gucci Men\'s Ace Gucci Stripe Sneaker Màu Đen', 'uploads/product/1591957290_giay-gucci-baskets-en-cuir-avec-bande-mau-den-5e043e5f2f9aa-26122019120015.jpg', 'h018964', NULL, 18, 63, 11400000, 1, NULL, NULL),
(29, 'Giày Sneaker Gucci Men\'s Ace Embroidered', 'uploads/product/1591957084_giay-gucci-men-s-ace-embroidered-sneaker-mau-trang-5e1c19bdeb9b4-13012020141821.jpg', 'h019524', NULL, 18, 62, 14100000, 1, NULL, NULL),
(32, 'Nike React Infinity Run Flyknit', 'uploads/product/1594476489_react-infinity-run-flyknit-running-shoe-xC1vr3.jpg', 'NK986', NULL, 19, 119, 3699000, 1, '2020-11-16 04:28:30', NULL),
(33, 'Dép Xốp Bé Trai Biti\'s Doraemon DXB125622CAM (Cam)*', 'uploads/product/1591959169_dxb125622cam__5__269f68e84d2c4385a33cc562ad33f6b9_1024x1024.jpg', 'DXB125622CAM24', NULL, 19, 74, 250000, 2, '2020-11-07 04:30:59', NULL),
(34, 'Sandal Eva Phun Quai Lưới Dệt Bé Trai Biti\'s DEB005900XDG (Xanh Dương)*', 'uploads/product/1591894899_deb005900xdg__2__269f809a53ed49fda2cddb9769ee7fac_1024x1024.webp', 'DEB005900XDG31', NULL, 19, 39, 478000, 2, NULL, NULL),
(35, 'Jordan Jumpman', 'uploads/product/1594476720_jordan-jumpman-wristbands-D8PVKz.jpg', 'NK097', NULL, 19, 120, 229000, 1, NULL, NULL),
(36, 'Nike Air Force 1 Shadow', 'uploads/product/1594475785_air-force-1-shadow-shoe-mN8Glx (5).jpg', 'NK421', NULL, 19, 117, 3230000, 1, '2020-11-05 04:30:34', NULL),
(37, 'Giày Eva Phun Bé Trai Biti\'s DSB127100XAM (Xám)*', 'uploads/product/1591895557_dsc_0005_b6e696de12694236bbad678694672a95_1024x1024.webp', 'DSB127100XAM28', NULL, 19, 44, 229000, 1, '2020-11-06 04:30:52', NULL),
(38, 'Dép Xốp Bé Trai Biti\'s Batman DXB125799DEN (Đen)*', 'uploads/product/1591959037_dxb125799den__2__434ce4f56c8942668e69cdcd7d521ef7_1024x1024.webp', 'DXB125799DEN28', NULL, 19, 73, 175000, 1, NULL, NULL),
(39, 'Giày Búp Bê Bé Gái Biti\'s DBB008288DEN (Đen)*', 'uploads/product/1591893888_dbb008288den__3__20e923fbbea241bbbe386cce300883a1_1024x1024.jpg', 'DBB008288DEN28', NULL, 20, 36, 119000, 1, NULL, NULL),
(40, 'Giày Búp Bê Bé Gái Biti\'s Mickey (Trằng)*', 'uploads/product/1591894456_dbb008611trg__5__f92322b080624e12ade0a9b58d7fad96_1024x1024.jpg', 'DBB008611TRG24', NULL, 20, 37, 299000, 1, '2020-11-12 04:31:36', NULL),
(41, 'Giày Tập Đi Bé Gái Biti\'s DSG001877HOG (Hồng)*', 'uploads/product/1591890650_dsg001877hog__5__2f9d5354f70c4d8c991708c1cd0e55c1_1024x1024.webp', 'DSG001877HOG18', NULL, 20, 32, 140000, 1, NULL, NULL),
(42, 'Sandal Eva Phun Bé Gái Biti\'s DEG000200HOG (Hồng)*', 'uploads/product/1591891148_deg000200hog__3__b62e4422c59c420193b48d4b10300af3_1024x1024.jpg', 'DEG000200HOG39', NULL, 20, 34, 239000, 1, NULL, NULL),
(43, 'MŨ LƯỠI TRAI TREFOIL KHUY BẤM', 'uploads/product/1591897253_Mu_luoi_trai_Trefoil_khuy_bam_Mau_djen_DV0176_01_standard.jpg', 'MUADIDAS1', NULL, 20, 55, 1198000, 2, NULL, NULL),
(44, 'BỘ 3 ĐÔI TẤT ẨN', 'uploads/product/1591896956_Bo_3_djoi_tat_an_Mau_trang_FM0676_03_standard.jpg', 'VOADIDAS1', NULL, 20, 53, 590000, 2, NULL, NULL),
(45, 'Cặp Pin Kim Loại Mẫu Hương Giang Equality Love AAUH00400DOO', 'uploads/product/1591895999_dsc_0043_2c152637a8a247fc957c7fb73f9227aa_1024x1024.webp', 'AAUH00400DOO35', NULL, 20, 48, 298000, 2, NULL, NULL),
(46, 'Lót Đế Giày Biti\'s Hunter X AIUH00100DEN (Đen)', 'uploads/product/1591895863_aiuh00100den__1__1024x1024.webp', 'AIUH00100DEN36', NULL, 20, 47, 458000, 2, NULL, NULL),
(47, 'Dây Giày Biti\'s ALUH00100XAM (Xám)', 'uploads/product/1591895740_dsc_0121_2587281032cb4ba881e075c8959b7cc1_1024x1024.jpg', 'ALUH00100XAM41', NULL, 20, 46, 117000, 3, NULL, NULL),
(48, 'BỘ 3 ĐÔI TẤT CAO CỔ', 'uploads/product/1591897052_Bo_3_djoi_tat_cao_co_Mau_trang_FM0625_03_standard.jpg', 'VOADIDAS2', NULL, 20, 54, 295000, 1, NULL, NULL),
(49, 'Giày Cao Gót Da Thật Nữ New Audrey GFW012988KEM (Kem)', 'uploads/product/1591958548_gfw012988kem__5__8c6b34d972fd436983b6eba9a946de19_1024x1024.webp', 'GFW012988KEM35', NULL, 21, 70, 1698000, 2, '2020-11-13 04:31:54', NULL),
(50, 'Giày Cao Gót Da Thật Nữ Gosto High Knit 1.0 GFW007688XNG (Xanh Ngọc)', 'uploads/product/1591958426_gfw007688xng__3__d6f0e459c62e41fd9a3d0fdd44bbf5a2_1024x1024.jpg', 'GFW007688XNG36', NULL, 21, 69, 2995000, 5, '2020-11-14 04:31:59', NULL),
(51, 'Dép Cao Gót Da Thật Nữ Gosto Fairy Tale GFW013000HOG (Hồng)', 'uploads/product/1591957818_gfw013000hog__5__4c73810d412b4f3eb1ed06a3605f8540_1024x1024.webp', 'GFW013000HOG35', NULL, 21, 65, 829000, 1, NULL, NULL),
(52, 'GIÀY GUCCI RHYTON 1:1', 'uploads/product/1591936668_giay-gucci-rhyton-1-1.jpg', 'GC6', NULL, 21, 58, 2400000, 1, '2020-11-08 01:50:48', NULL),
(53, 'Giày Thể Thao Nữ Biti\'s Hunter X 2k19 - Jet Black (Đen)', 'uploads/product/1591890350_02200den__2__38ffa603f8e9420cac1a9059806f1ddd_1024x1024.webp', 'DSWH02200DEN35', NULL, 21, 30, 799000, 1, '2020-11-15 04:32:25', NULL),
(54, 'Dentsu Redder - Hương Giang - Vietnamese Canvas of Pride (Women)', 'uploads/product/1591890483_03001__1__45e91a3c71a44521be05eef6cbbcb682_1024x1024.webp', 'DSWH03001TRG35', NULL, 21, 31, 929000, 1, NULL, NULL),
(55, 'Giày Thể Thao Nữ Biti\'s Hunter Core White Snow (Trắng)- Festive Collection 2k19', 'uploads/product/1591890201_01201trg__2__c76e4b971a1743f89724a32778003fe4_1024x1024.webp', 'DSWH01201TRG35', NULL, 21, 29, 659000, 1, NULL, NULL),
(56, 'Giày Thể Thao Cao Cấp Nam Biti\'s Hunter Layered Upper DSMH02800TRG (Trắng)', 'uploads/product/1591888496_anh1_1024x1024.webp', 'DSMH02800TRG39', NULL, 21, 23, 1700000, 2, NULL, NULL),
(60, 'Giày Thể Thao Cao Cấp Nam Biti\'s Hunter Layered Upper DSMH02800TRG (Trắng)', 'uploads/product/1591888496_anh1_1024x1024.webp', 'DSMH02800TRG39', NULL, 24, 23, 850000, 1, NULL, NULL),
(61, 'Giày Thể Thao Nam Biti\'s Hunter Street x Vietmax 2020 - BST HaNoi Culture Patchwork Lake Turquoise (Xanh Ngọc)', 'uploads/product/1591888276_4_8e93f0ee3eac46fe90eb3800d0cc767a_1024x1024.webp', 'DSMH02504XNG41', NULL, 24, 24, 850000, 1, NULL, NULL),
(62, 'Nike React Infinity Run Flyknit', 'uploads/product/1594476489_react-infinity-run-flyknit-running-shoe-xC1vr3.jpg', 'NK986', NULL, 25, 119, 3699000, 1, '2020-11-04 02:37:47', NULL),
(63, 'Giày Thể Thao Nam Biti\'s Hunter Street x Vietmax 2020 - BST HaNoi Culture Patchwork Lake Turquoise (Xanh Ngọc)', 'uploads/product/1591888276_4_8e93f0ee3eac46fe90eb3800d0cc767a_1024x1024.webp', 'DSMH02504XNG41', NULL, 26, 24, 850000, 1, NULL, NULL),
(67, 'BEN & JERRY\'S X NIKE SB DUNK LOW CHUNKY DUNKY', 'uploads/product/1594438658_ben-jerry-s-x-nike-sb-dunk-low-chunky-dunky.jpg', 'AF125', NULL, 29, 97, 220000, 2, '2020-11-02 02:37:47', NULL),
(68, 'Nike React Infinity Run Flyknit', 'uploads/product/1594476489_react-infinity-run-flyknit-running-shoe-xC1vr3.jpg', 'NK986', NULL, 29, 119, 3699000, 1, '2020-11-01 02:37:47', NULL),
(69, 'Nike React Infinity Run Flyknit', 'uploads/product/1594476489_react-infinity-run-flyknit-running-shoe-xC1vr3.jpg', 'NK986', NULL, 31, 119, 3699000, 1, '2020-08-07 00:47:23', '2020-08-07 00:47:23'),
(70, 'MŨ LƯỠI TRAI TREFOIL KHUY BẤM', 'uploads/product/1591897253_Mu_luoi_trai_Trefoil_khuy_bam_Mau_djen_DV0176_01_standard.jpg', 'MUADIDAS1', NULL, 32, 55, 599000, 1, '2020-10-13 00:31:42', '2020-10-13 00:31:42'),
(71, 'Nike Renew Run', 'uploads/product/1594476244_renew-run-running-shoe-bCz58M (4).jpg', 'NK973', NULL, 33, 118, 2499000, 1, '2020-10-14 08:32:25', '2020-10-14 08:32:25'),
(72, 'BEN & JERRY\'S X NIKE SB DUNK LOW CHUNKY DUNKY', 'uploads/product/1594438658_ben-jerry-s-x-nike-sb-dunk-low-chunky-dunky.jpg', 'AF125', NULL, 34, 97, 4350000, 3, '2020-11-11 02:37:47', '2020-11-11 02:37:47'),
(73, 'Giày Thể Thao Nam Biti\'s Hunter Core - Midnight Black Inverted (Đen)', 'uploads/product/1591888755_0307_c1e4a6b099ba42cebef9e316c45dd82a_1024x1024.webp', 'DSMH01203DEN43', NULL, 35, 26, 2600000, 4, '2020-11-17 18:41:16', '2020-11-17 18:41:16'),
(74, 'Giày Cao Gót Da Thật Nữ Gosto High Knit 1.0 GFW007688XNG (Xanh Ngọc)', 'uploads/product/1591958426_gfw007688xng__3__d6f0e459c62e41fd9a3d0fdd44bbf5a2_1024x1024.jpg', 'GFW007688XNG36', NULL, 36, 69, 599000, 1, '2020-11-17 20:31:07', '2020-11-17 20:31:07');

-- --------------------------------------------------------

--
-- Cấu trúc bảng cho bảng `order_status`
--

CREATE TABLE `order_status` (
  `id` bigint(20) UNSIGNED NOT NULL,
  `name` varchar(255) COLLATE utf8mb4_unicode_ci NOT NULL,
  `created_at` timestamp NULL DEFAULT NULL,
  `updated_at` timestamp NULL DEFAULT NULL
) ENGINE=InnoDB DEFAULT CHARSET=utf8mb4 COLLATE=utf8mb4_unicode_ci;

--
-- Đang đổ dữ liệu cho bảng `order_status`
--

INSERT INTO `order_status` (`id`, `name`, `created_at`, `updated_at`) VALUES
(1, 'Mới', NULL, NULL),
(2, 'Đang xử lý', NULL, NULL),
(3, 'Hoàn thành', NULL, NULL),
(4, 'Hủy', NULL, NULL);

-- --------------------------------------------------------

--
-- Cấu trúc bảng cho bảng `pages`
--

CREATE TABLE `pages` (
  `id` bigint(20) UNSIGNED NOT NULL,
  `title` varchar(255) COLLATE utf8mb4_unicode_ci NOT NULL,
  `slug` varchar(255) COLLATE utf8mb4_unicode_ci NOT NULL,
  `description` longtext COLLATE utf8mb4_unicode_ci DEFAULT NULL,
  `is_active` int(11) NOT NULL DEFAULT 1,
  `created_at` timestamp NULL DEFAULT NULL,
  `updated_at` timestamp NULL DEFAULT NULL
) ENGINE=InnoDB DEFAULT CHARSET=utf8mb4 COLLATE=utf8mb4_unicode_ci;

--
-- Đang đổ dữ liệu cho bảng `pages`
--

INSERT INTO `pages` (`id`, `title`, `slug`, `description`, `is_active`, `created_at`, `updated_at`) VALUES
(1, 'CHÍNH SÁCH BẢO HÀNH', 'chinh-sach-bao-hanh', '<p><strong>1. T&ocirc;i c&oacute; thể được bảo h&agrave;nh tại đ&acirc;u?</strong></p>\r\n\r\n<p>- Bảo h&agrave;nh ch&iacute;nh h&atilde;ng: kh&aacute;ch h&agrave;ng c&oacute; thể mang sản phẩm đến trực tiếp h&atilde;ng để bảo h&agrave;nh m&agrave; kh&ocirc;ng cần th&ocirc;ng qua Pullman.</p>\r\n\r\n<p>- Bảo h&agrave;nh th&ocirc;ng qua Pullman: kh&aacute;ch h&agrave;ng li&ecirc;n hệ Pullman để được hỗ trợ tư vấn về bảo h&agrave;nh (Pullman miễn ph&iacute; vận chuyển 2 chiều) hoặc kh&aacute;ch h&agrave;ng c&oacute; thể chủ động đến trực tiếp nh&agrave; b&aacute;n h&agrave;ng để được bảo h&agrave;nh sản phẩm.</p>\r\n\r\n<p><strong>2. T&ocirc;i c&oacute; thể được bảo h&agrave;nh sản phẩm miễn ph&iacute; kh&ocirc;ng?</strong></p>\r\n\r\n<p>Sản phẩm của qu&yacute; kh&aacute;ch được bảo h&agrave;nh miễn ph&iacute; ch&iacute;nh h&atilde;ng khi:</p>\r\n\r\n<ul>\r\n	<li>C&ograve;n thời hạn bảo h&agrave;nh (dựa tr&ecirc;n tem/phiếu bảo h&agrave;nh hoặc thời điểm k&iacute;ch hoạt bảo h&agrave;nh điện tử).</li>\r\n	<li>Tem/phiếu bảo h&agrave;nh c&ograve;n nguy&ecirc;n vẹn.</li>\r\n	<li>Sản phẩm bị lỗi kỹ thuật.</li>\r\n</ul>\r\n\r\n<p>C&aacute;c trường hợp c&oacute; thể ph&aacute;t sinh ph&iacute; bảo h&agrave;nh:</p>\r\n\r\n<ul>\r\n	<li>Sản phẩm hết thời hạn bảo h&agrave;nh.</li>\r\n	<li>Sản phẩm bị bể, biến dạng, ch&aacute;y, nổ, ẩm thấp trong động cơ hoặc hư hỏng trong qu&aacute; tr&igrave;nh sử&nbsp;dụng.</li>\r\n</ul>\r\n\r\n<p><strong>3. Sau bao l&acirc;u t&ocirc;i c&oacute; thể nhận lại sản phẩm bảo h&agrave;nh?</strong></p>\r\n\r\n<p>Nếu sản phẩm của qu&yacute; kh&aacute;ch vẫn c&ograve;n trong thời hạn bảo h&agrave;nh, Pullman khuyến kh&iacute;ch qu&yacute; kh&aacute;ch gửi trực tiếp đến trung t&acirc;m của h&atilde;ng để được hỗ trợ bảo h&agrave;nh trong thời gian nhanh nhất.</p>\r\n\r\n<p>Trường hợp qu&yacute; kh&aacute;ch gửi h&agrave;ng về Pullman, thời gian bảo h&agrave;nh dự kiến trong v&ograve;ng 21 ng&agrave;y l&agrave;m việc t&ugrave;y thuộc v&agrave;o điều kiện sẵn c&oacute; của linh kiện thay thế từ nh&agrave; sản xuất/lỗi sản phẩm (kh&ocirc;ng t&iacute;nh thời gian vận chuyển đi v&agrave; về).</p>\r\n\r\n<p><strong>4. </strong>Pullman&nbsp;<strong>bảo h&agrave;nh bằng c&aacute;c h&igrave;nh thức n&agrave;o?</strong></p>\r\n\r\n<p>Sản phẩm tại Pullman sẽ được bảo h&agrave;nh bằng 1 trong 4 h&igrave;nh thức sau:</p>\r\n\r\n<ul>\r\n	<li>H&oacute;a đơn: kh&aacute;ch h&agrave;ng mang theo h&oacute;a đơn trực tiếp hoặc h&oacute;a đơn gi&aacute; trị gia tăng c&oacute; th&ocirc;ng tin của sản phẩm để được bảo h&agrave;nh.</li>\r\n	<li>Phiếu bảo h&agrave;nh: đi k&egrave;m theo sản phẩm, c&oacute; đầy đủ th&ocirc;ng tin về nơi bảo h&agrave;nh v&agrave; điều kiện bảo h&agrave;nh.</li>\r\n	<li>Tem bảo h&agrave;nh: loại tem đặc biệt chỉ sử dụng một lần, được d&aacute;n trực tiếp l&ecirc;n sản phẩm. Sản phẩm c&ograve;n trong thời hạn bảo h&agrave;nh phải thỏa điều kiện tem c&ograve;n nguy&ecirc;n vẹn v&agrave; thời gian bảo h&agrave;nh phải trước ng&agrave;y được viết tr&ecirc;n tem.</li>\r\n	<li>Điện tử: l&agrave; chế độ bảo h&agrave;nh sản phẩm trực tuyến thay thế cho phương ph&aacute;p bảo h&agrave;nh th&ocirc;ng thường bằng giấy hay thẻ bảo h&agrave;nh bằng c&aacute;ch: nhắn tin SMS k&iacute;ch hoạt, qu&eacute;t m&atilde; QR-Code từ tem nh&atilde;n, đăng k&yacute; tr&ecirc;n website hoặc bằng ứng dụng bảo h&agrave;nh.</li>\r\n</ul>', 1, '2020-07-04 01:20:04', '2020-07-14 03:04:43'),
(2, 'CHÍNH SÁCH VẬN CHUYỂN', 'chinh-sach-van-chuyen', '<h1>Ch&iacute;nh s&aacute;ch vận chuyển</h1>\r\n\r\n<p>&nbsp;</p>\r\n\r\n<p><strong>To&agrave;n bộ đơn h&agrave;ng được &aacute;p dụng vận chuyển qua b&ecirc;n đối t&aacute;c thứ 3, đảm bảo c&aacute;c quyền lợi v&agrave; y&ecirc;u cầu của kh&aacute;ch h&agrave;ng:&nbsp;</strong></p>\r\n\r\n<p>&nbsp;- Đơn h&agrave;ng nội th&agrave;nh HCM : dự kiến 1-2 ng&agrave;y sẽ nhận được kể từ ng&agrave;y chốt đơn ( do dịch vụ GHTK vận chuyển)</p>\r\n\r\n<p>&nbsp;- Đơn h&agrave;ng nội th&agrave;nh HN : thường sẽ được giao trong ng&agrave;y bằng dịch vụ ship ngo&agrave;i, ngoại th&agrave;nh HN dự kiến giao 1-2 ng&agrave;y kể từ ng&agrave;y chốt đơn ( do dịch vụ GHTK vận chuyển )</p>\r\n\r\n<p>&nbsp;- Đơn h&agrave;ng tỉnh : dự kiến 3-4 ng&agrave;y sẽ nhận được kể từ ng&agrave;y chốt đơn ( dịch vụ GHTK vận chuyển )</p>\r\n\r\n<p>Kh&aacute;ch h&agrave;ng sẽ được kiểm tra sản phẩm thuộc đơn h&agrave;ng của m&igrave;nh trước khi thanh to&aacute;n cho b&ecirc;n vận chuyển.&nbsp;</p>\r\n\r\n<p>&nbsp;</p>\r\n\r\n<p>*Đặc biệt: Ch&iacute;nh s&aacute;ch freeship</p>\r\n\r\n<p>Kh&aacute;ch h&agrave;ng sẽ kh&ocirc;ng mất ph&iacute; vận chuyển đơn h&agrave;ng khi đạt một trong hai điều kiện sau:&nbsp;</p>\r\n\r\n<p>. Kh&aacute;ch ở nội th&agrave;nh HCM, HN mua h&agrave;ng với h&oacute;a đơn tr&ecirc;n 200k</p>\r\n\r\n<p>. Kh&aacute;ch ở ngoại th&agrave;nh v&agrave; mua h&agrave;ng tr&ecirc;n 500k , thanh to&aacute;n bằng h&igrave;nh thức chuyển khoản trước</p>', 1, '2020-07-04 01:24:49', '2020-07-12 01:11:45');

-- --------------------------------------------------------

--
-- Cấu trúc bảng cho bảng `password_resets`
--

CREATE TABLE `password_resets` (
  `email` varchar(255) COLLATE utf8mb4_unicode_ci NOT NULL,
  `token` varchar(255) COLLATE utf8mb4_unicode_ci NOT NULL,
  `created_at` timestamp NULL DEFAULT NULL
) ENGINE=InnoDB DEFAULT CHARSET=utf8mb4 COLLATE=utf8mb4_unicode_ci;

--
-- Đang đổ dữ liệu cho bảng `password_resets`
--

INSERT INTO `password_resets` (`email`, `token`, `created_at`) VALUES
('admin@gmail.com', '0', NULL),
('admin@gmail.com', 'BtecBDtfDrQobvT63P2LjMksKuJ1vWb9Xs9nMEtH4oR0E8UJ9fUXCLdUNM9j', NULL),
('namlq.mhy@gmail.com', '8pgbGVjmRH292ik90rdf711gxhsLNT4Q3LUD4608OGG0Yyv1hjZq4OHSs6qp', NULL),
('124125@gmail.com', 'zkPRwAfmpvMpkv1oR57rWK0KjH8PFT1Ox35tA092pNNLs7oLSKRhxlfSfXKc', '2020-08-23 11:07:08'),
('thanhnguyen2000@gmail.com', 'R4a7EdjHhBsWDCFPkg7FfB94ZVOqdAaJFJUoe3g3znJnHf2LW34eo691SOnA', '2020-08-23 11:08:45'),
('AkiraNam1999@gmail.com', '8u6ZocTYSZRPA0y0IGxwJeBsX2uBRObyWy00Yo3lnMJ3aomggcJmHTiRCA1F', '2020-10-04 04:45:02'),
('admin@gmail.com', '0', NULL),
('admin@gmail.com', 'BtecBDtfDrQobvT63P2LjMksKuJ1vWb9Xs9nMEtH4oR0E8UJ9fUXCLdUNM9j', NULL),
('namlq.mhy@gmail.com', '8pgbGVjmRH292ik90rdf711gxhsLNT4Q3LUD4608OGG0Yyv1hjZq4OHSs6qp', NULL),
('124125@gmail.com', 'zkPRwAfmpvMpkv1oR57rWK0KjH8PFT1Ox35tA092pNNLs7oLSKRhxlfSfXKc', '2020-08-23 11:07:08'),
('thanhnguyen2000@gmail.com', 'R4a7EdjHhBsWDCFPkg7FfB94ZVOqdAaJFJUoe3g3znJnHf2LW34eo691SOnA', '2020-08-23 11:08:45');

-- --------------------------------------------------------

--
-- Cấu trúc bảng cho bảng `products`
--

CREATE TABLE `products` (
  `id` bigint(20) UNSIGNED NOT NULL,
  `name` varchar(255) COLLATE utf8mb4_unicode_ci NOT NULL,
  `slug` varchar(255) COLLATE utf8mb4_unicode_ci NOT NULL,
  `image` varchar(255) COLLATE utf8mb4_unicode_ci NOT NULL,
  `stock` int(11) NOT NULL,
  `price` int(11) NOT NULL DEFAULT 0,
  `sale` int(11) DEFAULT NULL,
  `position` int(11) NOT NULL,
  `is_active` int(11) NOT NULL DEFAULT 1,
  `is_hot` int(11) NOT NULL DEFAULT 0,
  `views` int(11) NOT NULL DEFAULT 0,
  `category_id` bigint(20) UNSIGNED DEFAULT NULL,
  `url` varchar(255) COLLATE utf8mb4_unicode_ci DEFAULT NULL,
  `sku` varchar(255) COLLATE utf8mb4_unicode_ci DEFAULT NULL,
  `brand_id` bigint(20) UNSIGNED DEFAULT NULL,
  `vendor_id` bigint(20) UNSIGNED DEFAULT NULL,
  `summary` varchar(255) COLLATE utf8mb4_unicode_ci DEFAULT NULL,
  `description` longtext COLLATE utf8mb4_unicode_ci DEFAULT NULL,
  `meta_title` varchar(255) COLLATE utf8mb4_unicode_ci DEFAULT NULL,
  `meta_description` text COLLATE utf8mb4_unicode_ci DEFAULT NULL,
  `created_at` timestamp NULL DEFAULT NULL,
  `updated_at` timestamp NULL DEFAULT NULL
) ENGINE=InnoDB DEFAULT CHARSET=utf8mb4 COLLATE=utf8mb4_unicode_ci;

--
-- Đang đổ dữ liệu cho bảng `products`
--

INSERT INTO `products` (`id`, `name`, `slug`, `image`, `stock`, `price`, `sale`, `position`, `is_active`, `is_hot`, `views`, `category_id`, `url`, `sku`, `brand_id`, `vendor_id`, `summary`, `description`, `meta_title`, `meta_description`, `created_at`, `updated_at`) VALUES
(23, 'Giày Thể Thao Cao Cấp Nam Biti\'s Hunter Layered Upper DSMH02800TRG (Trắng)', 'giay-the-thao-cao-cap-nam-bitis-hunter-layered-upper-dsmh02800trg-trang', 'uploads/product/1591888496_anh1_1024x1024.webp', 3, 899000, 850000, 1, 1, 1, 0, 23, 'cao.vn', 'DSMH02800TRG39', 4, 5, 'tom tat san phảm', '<p>M&ocirc; tả sản phẩm</p>\r\n\r\n<p style=\"text-align:center\"><img alt=\"\" height=\"600\" src=\"/ckfinder/userfiles/images/Product/02800trg__1__a1d029000cdb41bdadec7bd5c46cc26b_1024x1024.webp\" width=\"600\" /></p>\r\n\r\n<p style=\"text-align:center\"><img alt=\"\" height=\"600\" src=\"/ckfinder/userfiles/images/Product/02800trg__6__e0b90e62088741fba65890a7f9544e90_1024x1024.webp\" width=\"600\" /></p>\r\n\r\n<p style=\"text-align:center\"><img alt=\"\" height=\"600\" src=\"/ckfinder/userfiles/images/Product/02800trg__4__515b9b457acc4566adcdd56e0f039ded_1024x1024.webp\" width=\"600\" /></p>\r\n\r\n<p>&nbsp;</p>\r\n\r\n<div id=\"gtx-trans\" style=\"position: absolute; left: 10px; top: -4.8px;\">\r\n<div class=\"gtx-trans-icon\">&nbsp;</div>\r\n</div>', NULL, NULL, '2020-06-10 21:02:03', '2020-07-14 01:53:49'),
(24, 'Giày Thể Thao Nam Biti\'s Hunter Street x Vietmax 2020 - BST HaNoi Culture Patchwork Lake Turquoise (Xanh Ngọc)', 'giay-the-thao-nam-bitis-hunter-street-x-vietmax-2020-bst-hanoi-culture-patchwork-lake-turquoise-xanh-ngoc', 'uploads/product/1591888276_4_8e93f0ee3eac46fe90eb3800d0cc767a_1024x1024.webp', 2, 899000, 850000, 2, 1, 1, 0, 23, 'bitis.vn', 'DSMH02504XNG41', 4, 5, 'Tiếp nối tinh thần #ProudlyMadeinVietNam, nếu 2019 là hơi thở của một Sài Gòn xô bồ mà phóng khoáng, không hoàn hảo nhưng vẫn đáng tự hào, thì 2020 là một nguồn cảm hứng rất khác - tự hào từ những thái cực văn hóa Hà Nội.', '<p>Tiếp nối tinh thần #ProudlyMadeinVietNam, nếu 2019 l&agrave; hơi thở của một S&agrave;i G&ograve;n x&ocirc; bồ m&agrave; ph&oacute;ng kho&aacute;ng, kh&ocirc;ng ho&agrave;n hảo nhưng vẫn đ&aacute;ng tự h&agrave;o, th&igrave; 2020 l&agrave; một nguồn cảm hứng rất kh&aacute;c - tự h&agrave;o từ những th&aacute;i cực văn h&oacute;a H&agrave; Nội.</p>\r\n\r\n<p>Ừ đ&uacute;ng rồi, H&agrave; Nội của bạn đấy!</p>\r\n\r\n<p>Khi n&oacute;ng đi&ecirc;n dại, l&uacute;c lạnh th&igrave; t&iacute;m t&aacute;i</p>\r\n\r\n<p>L&agrave; m&aacute;i ng&oacute;i s&aacute;nh vai phố thị ồn &atilde;</p>\r\n\r\n<p>L&agrave; b&ecirc; t&ocirc;ng chọc trời cạnh&nbsp;mặt hồ thơ, ta rảo bước t&igrave;m ai</p>\r\n\r\n<p style=\"text-align:center\"><img alt=\"\" height=\"600\" src=\"/ckfinder/userfiles/images/Product/8-01_c54b122ba47a49478c384998026e1c3d_1024x1024.webp\" width=\"600\" /></p>\r\n\r\n<p>H&agrave; Nội kh&ocirc;ng vội, v&agrave; cũng chẳng nửa vời</p>\r\n\r\n<p>Đi&ecirc;n đến nơi, h&agrave;o hoa đến chốn</p>\r\n\r\n<p>&nbsp;</p>\r\n\r\n<p>H&agrave; Nội đ&acirc;u chỉ đẹp bởi ngh&igrave;n năm văn hiến. Văn ho&aacute; H&agrave; Nội l&agrave; &ldquo;bức tranh&rdquo; tổng ho&agrave; những mảnh th&aacute;i cực, tưởng đối lập nhưng lại tồn tại song h&agrave;nh. V&agrave; ch&iacute;nh bạn, l&agrave; người trẻ với lăng k&iacute;nh của m&igrave;nh &ndash; &nbsp;qua từng bước trải nghiệm để tiếp nối, s&aacute;ng tạo v&agrave; đắp l&ecirc;n những mảnh văn h&oacute;a rất ri&ecirc;ng, tạo th&agrave;nh một H&agrave; Nội rất ri&ecirc;ng, rất đỗi tự h&agrave;o.</p>\r\n\r\n<p>&nbsp;</p>\r\n\r\n<p>R&ecirc;u phong văn ho&aacute; ngh&igrave;n năm,</p>\r\n\r\n<p>Tuổi trẻ ngược ngạo, th&igrave; sao n&agrave;o?</p>\r\n\r\n<p>&nbsp;<strong>Từ cảm hứng tự h&agrave;o đ&oacute;, Biti&#39;s Hunter Street một lần nữa c&ugrave;ng nghệ sĩ VietMax s&aacute;ng tạo n&ecirc;n BỘ SƯU TẬP MỚI, với 3 phi&ecirc;n bản:</strong></p>\r\n\r\n<p>#OldWallYellow - Tận c&ugrave;ng ho&agrave;i cổ: cảm hứng từ những gi&aacute; trị truyền thống, l&acirc;u đời</p>\r\n\r\n<p>&nbsp;</p>\r\n\r\n<p>#ConcreteGrey - Tận c&ugrave;ng đổi mới: cảm hứng từ sự ph&aacute;t triển, vươn m&igrave;nh kh&ocirc;ng ngừng của thủ đ&ocirc;</p>\r\n\r\n<p>&nbsp;</p>\r\n\r\n<p>#LakeTurquoise - Tận c&ugrave;ng chất thơ: Cảm hứng từ n&eacute;t tao nh&atilde; trong cả thi&ecirc;n nhi&ecirc;n, cảnh quan &amp; con người H&agrave; Nội</p>\r\n\r\n<p>&nbsp;</p>\r\n\r\n<p>&ldquo;Chất&rdquo; H&agrave; Nội, c&ugrave;ng bạn tự h&agrave;o! #ProudlyMadeinVietnam</p>\r\n\r\n<p>&nbsp;</p>\r\n\r\n<p>Kết hợp c&ugrave;ng c&ocirc;ng nghệ cải tiến vượt bậc của d&ograve;ng Biti&rsquo;s Hunter Street:</p>\r\n\r\n<ul>\r\n	<li>Đế #LiteTraction với chất liệu cao su EVA, độ ma s&aacute;t cao, bền bỉ, tăng cường t&iacute;nh đ&agrave;n hồi, nhẹ v&agrave; &ecirc;m &aacute;i, d&agrave;nh ri&ecirc;ng cho trải nghiệm đường phố thoải m&aacute;i, tự tin &ldquo;c&acirc;n&quot; mọi thử th&aacute;ch nắng mưa, thời tiết kh&oacute; chiều nhất.</li>\r\n	<li>Chất liệu vải Canvas #10OZ cao cấp cho mũ quai chắc chắn, bền bỉ v&agrave; đạt độ nhẹ tối ưu, kết hợp c&ocirc;ng nghệ chống nhăn, chống co r&uacute;t hạn chế g&atilde;y mũi, giữ chuẩn form gi&agrave;y, vững chắc cho những trải nghiệm đường phố.</li>\r\n	<li>Đệm l&oacute;t kh&aacute;ng khuẩn EVA độ đ&agrave;n hồi cao cho những trải nghiệm đường phố nhẹ &ecirc;m hơn, thoải m&aacute;i.</li>\r\n</ul>\r\n\r\n<p style=\"text-align:center\"><img alt=\"\" height=\"600\" src=\"/ckfinder/userfiles/images/Product/3_2a7cfc9b96f4422787bdfb25aaffd582_1024x1024.webp\" width=\"600\" /></p>\r\n\r\n<p>&nbsp;</p>', NULL, NULL, '2020-06-11 01:11:16', '2020-07-21 19:32:56'),
(25, 'Giày Thể Thao Cao Cấp Nam Biti\'s Hunter Layered Upper (Đen)', 'giay-the-thao-cao-cap-nam-bitis-hunter-layered-upper-den', 'uploads/product/1591888449_02800den__5__a7dee87d666e42c6977609300bf230b1_1024x1024.webp', 1, 899000, 850000, 3, 1, 1, 0, 23, 'bitis.vn', 'DSMH02800DEN39', 4, 5, 'Tóm tắt sản phẩm', '<p>&nbsp;</p>\r\n\r\n<p style=\"text-align:center\"><img alt=\"\" height=\"600\" src=\"/ckfinder/userfiles/images/Product/02800den__2__de8f6da25a2049b2be1cfc583326bc2f_1024x1024.webp\" width=\"600\" /></p>\r\n\r\n<p style=\"text-align:center\"><img alt=\"\" height=\"600\" src=\"/ckfinder/userfiles/images/Product/02800den__6__dc4652dfe35a43c4921904b1d59da341_1024x1024.webp\" width=\"600\" /></p>\r\n\r\n<p style=\"text-align:center\"><img alt=\"\" height=\"600\" src=\"/ckfinder/userfiles/images/Product/02800den__4__c1690fe56283430d855d48610c84e7fc_1024x1024.webp\" width=\"600\" /></p>\r\n\r\n<p>&nbsp;</p>\r\n\r\n<div id=\"gtx-trans\" style=\"position: absolute; left: -33px; top: 38.6px;\">\r\n<div class=\"gtx-trans-icon\">&nbsp;</div>\r\n</div>', NULL, NULL, '2020-06-11 01:14:09', '2020-07-21 19:48:39'),
(26, 'Giày Thể Thao Nam Biti\'s Hunter Core - Midnight Black Inverted (Đen)', 'giay-the-thao-nam-bitis-hunter-core-midnight-black-inverted-den', 'uploads/product/1591888755_0307_c1e4a6b099ba42cebef9e316c45dd82a_1024x1024.webp', 0, 699000, 650000, 4, 1, 1, 0, 23, 'bitis.vn', 'DSMH01203DEN43', 4, 5, 'Tóm tắt', '<p style=\"text-align:center\"><img alt=\"bitis_giay_the_thao_nam_biti_s_hunter_core_midnight_black_inverted_dsmh01203den_den01\" height=\"600\" src=\"/ckfinder/userfiles/images/Product/midnite_core_9eeeced697fd4ab0a1333150039be940_grande.webp\" width=\"600\" /></p>\r\n\r\n<p style=\"text-align:center\"><img alt=\"bitis_giay_the_thao_nam_biti_s_hunter_core_midnight_black_inverted_dsmh01203den_den02\" height=\"600\" src=\"/ckfinder/userfiles/images/Product/midnite_street_nu_3_dcdcad21ab874da6a550fcb0540400b6_grande.jpg\" width=\"600\" /></p>', NULL, NULL, '2020-06-11 01:19:15', '2020-11-17 18:41:16'),
(27, 'Giày Thể Thao Nữ Biti\'s Hunter X BKL Beige (Kem)', 'giay-the-thao-nu-bitis-hunter-x-bkl-beige-kem', 'uploads/product/1591889906_02300kem__1__b25c3ace490d45749c66a3be0fbc9ea4_1024x1024.webp', 4, 929000, 899000, 5, 1, 1, 0, 26, 'bitis.vn', 'DSWH02300KEM40', 4, 5, 'Tóm tắt sản phẩm', '<p style=\"text-align:center\"><img alt=\"bitis_giay_the_thao_nu_biti_s_hunter_x_bkl_beige_dswh02300kem_kem01\" height=\"600\" src=\"/ckfinder/userfiles/images/Product/bkl_beige_2_fd0a27e7847f4edba0ea5047fcfa6516_grande.jpg\" width=\"600\" /></p>\r\n\r\n<p style=\"text-align:center\"><img alt=\"bitis_giay_the_thao_nu_biti_s_hunter_x_bkl_beige_dswh02300kem_kem02\" height=\"600\" src=\"/ckfinder/userfiles/images/Product/blk_beige_4dcc72bb9d0d42bbb260337ee020cec3_grande.jpg\" width=\"600\" /></p>', NULL, NULL, '2020-06-11 01:38:26', '2020-07-09 12:41:03'),
(28, 'Giày Thể Thao Nữ Biti\'s Hunter Girls’ Steps – Pink (Hồng)', 'giay-the-thao-nu-bitis-hunter-girls-steps-pink-hong', 'uploads/product/1591890074_dsc_0002_35d116bd49d945339949ea37d4dc5927_1024x1024.webp', 6, 750000, 710000, 6, 1, 1, 0, 26, 'bitis.vn', 'DSWH01000HOG37', 4, 5, 'Tóm tắt', '<p>Chưa c&oacute; m&ocirc; tả cho sản phẩm n&agrave;y</p>', NULL, NULL, '2020-06-11 01:41:14', '2020-06-11 19:49:03'),
(29, 'Giày Thể Thao Nữ Biti\'s Hunter Core White Snow (Trắng)- Festive Collection 2k19', 'giay-the-thao-nu-bitis-hunter-core-white-snow-trang-festive-collection-2k19', 'uploads/product/1591890201_01201trg__2__c76e4b971a1743f89724a32778003fe4_1024x1024.webp', 5, 699000, 659000, 7, 1, 1, 0, 26, 'bitis.vn', 'DSWH01201TRG35', 4, 5, 'Tóm tắt sản phẩm', '<p style=\"text-align:center\"><img alt=\"bitis_giay_the_thao_nu_biti_s_hunter_core_white_snow_dswh01201trg_trang_festive_collection_2k1901\" height=\"600\" src=\"/ckfinder/userfiles/images/Product/snow_white_2698a8e7e29c4c92b8979ac87a50c512_grande.webp\" width=\"600\" /></p>\r\n\r\n<p style=\"text-align:center\"><img alt=\"bitis_giay_the_thao_nu_biti_s_hunter_core_white_snow_dswh01201trg_trang_festive_collection_2k1902\" height=\"600\" src=\"/ckfinder/userfiles/images/Product/snow_white_2_31bc083f62904d949e59b61345d09f1b_grande.jpg\" width=\"600\" /></p>', NULL, NULL, '2020-06-11 01:43:21', '2020-07-09 12:38:53'),
(30, 'Giày Thể Thao Nữ Biti\'s Hunter X 2k19 - Jet Black (Đen)', 'giay-the-thao-nu-bitis-hunter-x-2k19-jet-black-den', 'uploads/product/1591890350_02200den__2__38ffa603f8e9420cac1a9059806f1ddd_1024x1024.webp', 5, 829000, 799000, 8, 1, 1, 0, 26, 'bitis.vn', 'DSWH02200DEN35', 4, 5, 'Tóm tắt sản phẩm', '<p style=\"text-align:center\"><img alt=\"bitis_giay_the_thao_nu_biti_s_hunter_x_2k19_jet_black_dswh02200den_den01\" height=\"430\" src=\"/ckfinder/userfiles/images/Product/jet_black_2_0da256bcc805434c98ea18302a997915_grande.jpg\" width=\"500\" /></p>\r\n\r\n<p style=\"text-align:center\"><img alt=\"bitis_giay_the_thao_nu_biti_s_hunter_x_2k19_jet_black_dswh02200den_den02\" height=\"500\" src=\"/ckfinder/userfiles/images/Product/jet_black_2dbd6a56c6494ee1868d7de68f27852a_grande.webp\" width=\"500\" /></p>', NULL, NULL, '2020-06-11 01:45:50', '2020-07-09 12:36:47'),
(31, 'Dentsu Redder - Hương Giang - Vietnamese Canvas of Pride (Women)', 'dentsu-redder-huong-giang-vietnamese-canvas-of-pride-women', 'uploads/product/1591890483_03001__1__45e91a3c71a44521be05eef6cbbcb682_1024x1024.webp', 11, 949000, 929000, 8, 1, 1, 0, 26, 'bitis.vn', 'DSWH03001TRG35', 4, 5, 'Tóm tắt sản phẩm', '<p>Chưa c&oacute; m&ocirc; tả</p>\r\n\r\n<p style=\"text-align:center\"><img alt=\"\" height=\"600\" src=\"/ckfinder/userfiles/images/Product/03001__4__59bbf66f485943b3833fdc13c00267f7_1024x1024.webp\" width=\"600\" /></p>\r\n\r\n<p style=\"text-align:center\"><img alt=\"\" height=\"600\" src=\"/ckfinder/userfiles/images/Product/03001__5__d93a5922646a4e00b470ed1fbff12271_1024x1024.webp\" width=\"600\" /></p>\r\n\r\n<p style=\"text-align:center\"><img alt=\"\" height=\"600\" src=\"/ckfinder/userfiles/images/Product/03001__3__bb2ea02717ff4cf6ae1161d122c8c5b7_1024x1024(1).webp\" width=\"600\" /></p>\r\n\r\n<p>&nbsp;</p>', NULL, NULL, '2020-06-11 01:48:03', '2020-07-09 12:34:54'),
(32, 'Giày Tập Đi Bé Gái Biti\'s DSG001877HOG (Hồng)*', 'giay-tap-di-be-gai-bitis-dsg001877hog-hong', 'uploads/product/1591890650_dsg001877hog__5__2f9d5354f70c4d8c991708c1cd0e55c1_1024x1024.webp', 6, 150000, 140000, 9, 1, 1, 0, 32, 'bitis.vn', 'DSG001877HOG18', 4, 5, 'Tóm tắt', '<p>&nbsp;</p>\r\n\r\n<p style=\"text-align:center\"><img alt=\"\" height=\"600\" src=\"/ckfinder/userfiles/images/Product/dsg001877hog__1__10ad49970a7b4b1fa204ea63a5697137_1024x1024.jpg\" width=\"600\" /></p>\r\n\r\n<p style=\"text-align:center\"><img alt=\"\" height=\"600\" src=\"/ckfinder/userfiles/images/Product/dsg001877hog__6__1b1ca535a941465280e6fa47476d8c4d_1024x1024.webp\" width=\"600\" /></p>\r\n\r\n<p style=\"text-align:center\"><img alt=\"\" height=\"600\" src=\"/ckfinder/userfiles/images/Product/dsg001877hog__4__03f6feadb75b40e88494ea4d1cf4013c_1024x1024.webp\" width=\"600\" /></p>\r\n\r\n<p>&nbsp;</p>\r\n\r\n<div id=\"gtx-trans\" style=\"position: absolute; left: -4px; top: 38.6px;\">\r\n<div class=\"gtx-trans-icon\">&nbsp;</div>\r\n</div>', NULL, NULL, '2020-06-11 01:50:50', '2020-07-09 12:31:12'),
(33, 'Giày Thể Thao Quai Dệt Bé Gái Biti\'s DSG000600HOG (Hồng)*', 'giay-the-thao-quai-det-be-gai-bitis-dsg000600hog-hong', 'uploads/product/1591890825_dsg000600hog__3__058d6a035f1a44c9bab771f8c6972257_1024x1024.webp', 6, 400000, 399000, 10, 1, 1, 0, 32, 'bitis.vn', 'DSG000600HOG34', 4, 5, 'Tóm tắt sản phẩm', '<p>&nbsp;</p>\r\n\r\n<p style=\"text-align:center\"><img alt=\"\" height=\"600\" src=\"/ckfinder/userfiles/images/Product/dsg000600hog__6__54cdc091db9a429eaa6d19ff4eeab623_1024x1024.webp\" width=\"600\" /></p>\r\n\r\n<p style=\"text-align:center\"><img alt=\"\" height=\"600\" src=\"/ckfinder/userfiles/images/Product/dsg000600hog__4__af32b058ccc748e2b377f1a93ee26b6e_1024x1024.webp\" width=\"600\" /></p>\r\n\r\n<p style=\"text-align:center\"><img alt=\"\" height=\"600\" src=\"/ckfinder/userfiles/images/Product/dsg000600hog__1__fc5e198163834098a5ec9ad933ba4be4_1024x1024.webp\" width=\"600\" /></p>\r\n\r\n<p style=\"text-align:center\"><img alt=\"\" height=\"600\" src=\"/ckfinder/userfiles/images/Product/dsg000600hog__5__5f2f9ecb9d31477ba3027bdd75bc893c_1024x1024.jpg\" width=\"600\" /></p>\r\n\r\n<p>&nbsp;</p>\r\n\r\n<p>&nbsp;</p>', NULL, NULL, '2020-06-11 01:53:45', '2020-07-11 00:18:32'),
(34, 'Sandal Eva Phun Bé Gái Biti\'s DEG000200HOG (Hồng)*', 'sandal-eva-phun-be-gai-bitis-deg000200hog-hong', 'uploads/product/1591891148_deg000200hog__3__b62e4422c59c420193b48d4b10300af3_1024x1024.jpg', 6, 250000, 239000, 10, 1, 1, 0, 33, 'bitis.vn', 'DEG000200HOG39', 4, 5, 'Tóm tắt sản phẩm', '<p>&nbsp;</p>\r\n\r\n<p style=\"text-align:center\"><img alt=\"\" height=\"600\" src=\"/ckfinder/userfiles/images/Product/deg000200hog__6__fe620d29d1a341cab455eccdcef018e6_1024x1024.webp\" width=\"600\" /></p>\r\n\r\n<p style=\"text-align:center\"><img alt=\"\" height=\"600\" src=\"/ckfinder/userfiles/images/Product/deg000200hog__2__946fa910679b4cae951f38b4fa390972_1024x1024.jpg\" width=\"600\" /></p>\r\n\r\n<p style=\"text-align:center\"><img alt=\"\" height=\"600\" src=\"/ckfinder/userfiles/images/Product/deg000200hog__5__ca58212a2fe841f88af9296d590c0feb_1024x1024.jpg\" width=\"600\" /></p>\r\n\r\n<p>&nbsp;</p>\r\n\r\n<div id=\"gtx-trans\" style=\"position: absolute; left: -7px; top: -4.8px;\">\r\n<div class=\"gtx-trans-icon\">&nbsp;</div>\r\n</div>', NULL, NULL, '2020-06-11 01:59:08', '2020-07-09 12:25:59'),
(35, 'Giày Búp Bê Bé Gái Biti\'s DBB008288TRG (Trắng)*', 'giay-bup-be-be-gai-bitis-dbb008288trg-trang', 'uploads/product/1591891885_dbb008288trg__3__700ea53b561c4b2cb5d302cc4bf0a954_1024x1024.webp', 6, 230000, 219000, 11, 1, 1, 0, 32, 'bitis.vn', 'DBB008288TRG28', 4, 5, 'Tóm tắt sản phẩm', '<p>&nbsp;</p>\r\n\r\n<p style=\"text-align:center\"><img alt=\"\" height=\"600\" src=\"/ckfinder/userfiles/images/Product/dbb008288trg__6__e50f0325bc36403ca176f85123c8ce02_1024x1024.webp\" width=\"600\" /></p>\r\n\r\n<p style=\"text-align:center\"><img alt=\"\" height=\"600\" src=\"/ckfinder/userfiles/images/Product/dbb008288trg__4__8b59f72505d64f60a284116d99bce36e_1024x1024.webp\" width=\"600\" /></p>\r\n\r\n<p style=\"text-align:center\"><img alt=\"\" height=\"600\" src=\"/ckfinder/userfiles/images/Product/dbb008288trg__5__f310277cfee4419f83f65c3803d71a76_1024x1024.webp\" width=\"600\" /></p>\r\n\r\n<p>&nbsp;</p>\r\n\r\n<div id=\"gtx-trans\" style=\"position: absolute; left: -1px; top: -4.8px;\">\r\n<div class=\"gtx-trans-icon\">&nbsp;</div>\r\n</div>', NULL, NULL, '2020-06-11 02:11:25', '2020-07-09 12:23:57'),
(36, 'Giày Búp Bê Bé Gái Biti\'s DBB008288DEN (Đen)*', 'giay-bup-be-be-gai-bitis-dbb008288den-den', 'uploads/product/1591893888_dbb008288den__3__20e923fbbea241bbbe386cce300883a1_1024x1024.jpg', 8, 230000, 119000, 11, 1, 1, 0, 32, 'bitis.vn', 'DBB008288DEN28', 4, 5, 'Tóm tắt sản phẩm', '<p>&nbsp;</p>\r\n\r\n<p style=\"text-align:center\"><img alt=\"\" height=\"600\" src=\"/ckfinder/userfiles/images/Product/dbb008288den__6__27a18d6478404a4dbfa65c5c63741e6c_1024x1024.webp\" width=\"600\" /></p>\r\n\r\n<p style=\"text-align:center\"><img alt=\"\" height=\"600\" src=\"/ckfinder/userfiles/images/Product/dbb008288den__4__2702aa51857947e3bb6bae91e13974c3_1024x1024.webp\" width=\"600\" /></p>\r\n\r\n<p style=\"text-align:center\"><img alt=\"\" height=\"600\" src=\"/ckfinder/userfiles/images/Product/dbb008288den__2__2df5dde678284081a035c6dfdcf41983_1024x1024.webp\" width=\"600\" /></p>\r\n\r\n<p style=\"text-align:center\"><img alt=\"\" height=\"600\" src=\"/ckfinder/userfiles/images/Product/dbb008288den__5__2e6f035ae45f4623868ee90af6163cbb_1024x1024.jpg\" width=\"600\" /></p>\r\n\r\n<p>&nbsp;</p>\r\n\r\n<div id=\"gtx-trans\" style=\"position: absolute; left: -6px; top: 38.6px;\">\r\n<div class=\"gtx-trans-icon\">&nbsp;</div>\r\n</div>', NULL, NULL, '2020-06-11 02:44:48', '2020-07-09 12:21:43'),
(37, 'Giày Búp Bê Bé Gái Biti\'s Mickey (Trằng)*', 'giay-bup-be-be-gai-bitis-mickey-trang', 'uploads/product/1591894456_dbb008611trg__5__f92322b080624e12ade0a9b58d7fad96_1024x1024.jpg', 8, 309000, 299000, 13, 1, 1, 0, 32, 'bitis.vn', 'DBB008611TRG24', 4, 5, 'Tóm tắt sản phẩm', '<p>&nbsp;</p>\r\n\r\n<p style=\"text-align:center\"><img alt=\"\" height=\"600\" src=\"/ckfinder/userfiles/images/Product/dbb008611trg__1__9e88b57e5f5b457895b6802709fb43cc_1024x1024.webp\" width=\"600\" /></p>\r\n\r\n<p style=\"text-align:center\"><img alt=\"\" height=\"600\" src=\"/ckfinder/userfiles/images/Product/dbb008611trg__3__21f45aeb4a9e44afbcae6d02a7ffc60d_1024x1024.webp\" width=\"600\" /></p>\r\n\r\n<p style=\"text-align:center\"><img alt=\"\" height=\"600\" src=\"/ckfinder/userfiles/images/Product/dbb008611trg__2__c961bce1dfa44a5c9c2633da6ad580a8_1024x1024.webp\" width=\"600\" /></p>\r\n\r\n<p style=\"text-align:center\"><img alt=\"\" height=\"600\" src=\"/ckfinder/userfiles/images/Product/dbb008611trg__6__b3da491b50144ee4a6fb2e97a7450903_1024x1024.webp\" width=\"600\" /></p>\r\n\r\n<p>&nbsp;</p>\r\n\r\n<div id=\"gtx-trans\" style=\"position: absolute; left: -5px; top: 38.6px;\">\r\n<div class=\"gtx-trans-icon\">&nbsp;</div>\r\n</div>', NULL, NULL, '2020-06-11 02:54:16', '2020-07-09 12:22:06'),
(38, 'Sandal Si Cao Su Bé Trai Biti\'s (Đỏ)', 'sandal-si-cao-su-be-trai-bitis-do', 'uploads/product/1591894655_drb030400doo__5__7eddf89aac784619b1c5d7606794156a_1024x1024.webp', 5, 245000, 229000, 14, 1, 1, 0, 29, 'bitis.vn', 'DRB030400DOO28', 4, 5, 'Tóm tắt sản phẩm', '<p>&nbsp;</p>\r\n\r\n<p style=\"text-align:center\"><img alt=\"\" height=\"600\" src=\"/ckfinder/userfiles/images/Product/drb030400doo__1__6c2e85db8b9e448787e01fcef835388b_1024x1024.jpg\" width=\"600\" /></p>\r\n\r\n<p style=\"text-align:center\"><img alt=\"\" height=\"600\" src=\"/ckfinder/userfiles/images/Product/drb030400doo__6__93acac897fc949fbb61e62cf51b34491_1024x1024.webp\" width=\"600\" /></p>\r\n\r\n<p style=\"text-align:center\"><img alt=\"\" height=\"600\" src=\"/ckfinder/userfiles/images/Product/drb030400doo__4__a57c57f9cea441899c12e83edf3c7764_1024x1024.jpg\" width=\"600\" /></p>\r\n\r\n<p>&nbsp;</p>\r\n\r\n<div id=\"gtx-trans\" style=\"position: absolute; left: -7px; top: 38.6px;\">\r\n<div class=\"gtx-trans-icon\">&nbsp;</div>\r\n</div>', NULL, NULL, '2020-06-11 02:57:35', '2020-07-09 12:15:32'),
(39, 'Sandal Eva Phun Quai Lưới Dệt Bé Trai Biti\'s DEB005900XDG (Xanh Dương)*', 'sandal-eva-phun-quai-luoi-det-be-trai-bitis-deb005900xdg-xanh-duong', 'uploads/product/1591894899_deb005900xdg__2__269f809a53ed49fda2cddb9769ee7fac_1024x1024.webp', 9, 255000, 239000, 15, 1, 1, 0, 29, 'bitis.vn', 'DEB005900XDG31', 4, 0, 'Tóm tắt sản phẩm', '<p>Chưa c&oacute; m&ocirc; tả</p>\r\n\r\n<p style=\"text-align:center\"><img alt=\"\" height=\"600\" src=\"/ckfinder/userfiles/images/Product/deb005900xdg__6__6154c31668d9485285a2ff93ecb6a533_1024x1024.webp\" width=\"600\" /></p>\r\n\r\n<p style=\"text-align:center\"><img alt=\"\" height=\"600\" src=\"/ckfinder/userfiles/images/Product/deb005900xdg__4__65b4b1c7035d49409a188d721268e35a_1024x1024.jpg\" width=\"600\" /></p>\r\n\r\n<p style=\"text-align:center\"><img alt=\"\" height=\"600\" src=\"/ckfinder/userfiles/images/Product/deb005900xdg__5__e1189181ebc64ef8ae163546baaaf571_1024x1024.webp\" width=\"600\" /></p>\r\n\r\n<p>&nbsp;</p>', NULL, NULL, '2020-06-11 03:01:39', '2020-07-09 12:12:50'),
(40, 'Sandal Eva Phun Bé Trai Biti\'s (Đỏ)*', 'sandal-eva-phun-be-trai-bitis-do', 'uploads/product/1591895018_deb005600doo__3__661b159745dc4fc1a6a660f3596cebd7_1024x1024.webp', 11, 230000, 219000, 16, 1, 1, 0, 29, 'bitis.vn', 'DEB005600DOO25', 4, 5, 'Tóm tắt sản phẩm', '<p>&nbsp;</p>\r\n\r\n<p style=\"text-align:center\"><img alt=\"\" height=\"600\" src=\"/ckfinder/userfiles/images/Product/deb005600doo__6__a99dd12bbe1240caa51057d8749194cb_1024x1024.webp\" width=\"600\" /></p>\r\n\r\n<p style=\"text-align:center\"><img alt=\"\" height=\"600\" src=\"/ckfinder/userfiles/images/Product/deb005600doo__4__8b695b95946849ef9c36928acbf37060_1024x1024.jpg\" width=\"600\" /></p>\r\n\r\n<p style=\"text-align:center\"><img alt=\"\" height=\"600\" src=\"/ckfinder/userfiles/images/Product/deb005600doo__2__2591a572b48a4b6a896cb4a7c4b6a2fe_1024x1024.jpg\" width=\"600\" /></p>\r\n\r\n<p>&nbsp;</p>\r\n\r\n<div id=\"gtx-trans\" style=\"position: absolute; left: 8px; top: 38.6px;\">\r\n<div class=\"gtx-trans-icon\">&nbsp;</div>\r\n</div>', NULL, NULL, '2020-06-11 03:03:38', '2020-07-09 12:10:44'),
(41, 'Giày Thể Thao Bé Trai Bti\'s Marvel DSB131811DOO (Đỏ)', 'giay-the-thao-be-trai-btis-marvel-dsb131811doo-do', 'uploads/product/1591895128_dsb131811doo__5__9222544476bb420f945d65b927e97d41_1024x1024.webp', 11, 449000, 429000, 17, 1, 1, 0, 30, 'bitis.vn', 'DSB131811DOO30', 4, 5, 'Chưa có tóm tắt', '<p>&nbsp;</p>\r\n\r\n<p style=\"text-align:center\"><img alt=\"\" height=\"600\" src=\"/ckfinder/userfiles/images/Product/dsb131811doo__6__7ec2fa3b395341a6939bac8a16605c5a_1024x1024.jpg\" width=\"600\" /></p>\r\n\r\n<p style=\"text-align:center\"><img alt=\"\" height=\"600\" src=\"/ckfinder/userfiles/images/Product/dsb131811doo__1__d4bb8d5b61cb477e9e19eff268af318f_1024x1024.jpg\" width=\"600\" /></p>', NULL, NULL, '2020-06-11 03:05:28', '2020-07-09 12:08:32'),
(42, 'Giày Thể Thao Bé Trai Bit\'s Spiderman DSB130411DOO (Đỏ)*', 'giay-the-thao-be-trai-bits-spiderman-dsb130411doo-do', 'uploads/product/1591895230_dsb130411doo__5__7ba063a8bf0143a08d7d116dc8cd704a_1024x1024.jpg', 8, 449000, 429000, 18, 1, 1, 0, 30, 'bitis.vn', 'DSB130411DOO30', 4, 5, 'Chưa có tóm tắt', '<p>&nbsp;</p>\r\n\r\n<p style=\"text-align:center\"><img alt=\"\" height=\"600\" src=\"/ckfinder/userfiles/images/Product/dsb130411doo__1__3f1af71b13cb4cabb30d73fa01cbc372_1024x1024.webp\" width=\"600\" /></p>\r\n\r\n<p style=\"text-align:center\"><img alt=\"\" height=\"600\" src=\"/ckfinder/userfiles/images/Product/dsb130411doo__6__20f58e6d65db4a30b6a31cc468793104_1024x1024.webp\" width=\"600\" /></p>\r\n\r\n<p style=\"text-align:center\"><img alt=\"\" height=\"600\" src=\"/ckfinder/userfiles/images/Product/dsb130411doo__4__7a41b0b2c19648b8ac245a3653c77e2a_1024x1024.webp\" width=\"600\" /></p>\r\n\r\n<p>&nbsp;</p>\r\n\r\n<div id=\"gtx-trans\" style=\"position: absolute; left: -16px; top: -4.8px;\">\r\n<div class=\"gtx-trans-icon\">&nbsp;</div>\r\n</div>', NULL, NULL, '2020-06-11 03:07:10', '2020-07-09 12:06:19'),
(43, 'Giày Vải Trẻ Em Biti\'s Doraemon DSB120622XAL (Xám Lợt)*', 'giay-vai-tre-em-bitis-doraemon-dsb120622xal-xam-lot', 'uploads/product/1594317526_dsb120622xal__1__1024x1024.jpg', 5, 300000, 225000, 19, 1, 1, 0, 30, 'bitis.vn', 'DSB132600XDG29', 4, 5, 'Giày Vải Trẻ Em Doraemon DSB120622XAL (Xám Lợt)', '<p>&nbsp;</p>\r\n\r\n<p style=\"text-align:center\"><img alt=\"\" height=\"600\" src=\"/ckfinder/userfiles/images/Product/dsb120622xal__2__1024x1024.webp\" width=\"600\" /></p>\r\n\r\n<p style=\"text-align:center\"><img alt=\"\" height=\"600\" src=\"/ckfinder/userfiles/images/Product/dsb120622xal__4_1024x1024.jpg\" width=\"600\" /></p>\r\n\r\n<p style=\"text-align:center\"><img alt=\"\" height=\"600\" src=\"/ckfinder/userfiles/images/Product/dsb120622xal__5__1024x1024.webp\" width=\"600\" /></p>\r\n\r\n<p>&nbsp;</p>\r\n\r\n<div id=\"gtx-trans\" style=\"position: absolute; left: -7px; top: -4.8px;\">\r\n<div class=\"gtx-trans-icon\">&nbsp;</div>\r\n</div>', NULL, NULL, '2020-06-11 03:09:35', '2020-07-09 03:58:46'),
(44, 'Giày Eva Phun Bé Trai Biti\'s DSB127100XAM (Xám)*', 'giay-eva-phun-be-trai-bitis-dsb127100xam-xam', 'uploads/product/1591895557_dsc_0005_b6e696de12694236bbad678694672a95_1024x1024.webp', 11, 250000, 229000, 20, 1, 1, 0, 30, 'bitis.vn', 'DSB127100XAM28', 4, 5, 'Chưa có tóm tắt', '<p>Mẹ c&oacute; biết, vận động ngo&agrave;i lợi &iacute;ch thể chất c&ograve;n gi&uacute;p b&eacute; th&ocirc;ng minh hơn?<br />\r\nGi&agrave;y thể thao trẻ em Biti&#39;s c&ocirc;ng nghệ cải tiến &Ecirc;m hơn - Nhẹ hơn - Tho&aacute;ng m&aacute;t hơn, Hỗ trợ hiệu quả vận động gi&uacute;p b&eacute; th&ocirc;ng minh hơn:<br />\r\n- Đế EVA Injection nhẹ hơn: c&ocirc;ng nghệ đế EVA n&acirc;ng cấp, nhẹ, mềm, đ&agrave;n hồi v&agrave; giảm chấn cực tốt gi&uacute;p b&eacute; thoải m&aacute;i trong từng vận động.<br />\r\n- L&oacute;t gi&agrave;y EVA si&ecirc;u &ecirc;m: với ưu điểm lớn nhất l&agrave; độ đ&agrave;n hồi v&agrave; mềm mại, EVA l&agrave; chất liệu tối ưu để n&acirc;ng đỡ b&agrave;n ch&acirc;n mềm mại của b&eacute;.<br />\r\n- Lưới Airmesh si&ecirc;u tho&aacute;ng: lưới cấu tr&uacute;c 3 chiều với mặt trong mịn, c&aacute;c sợi dệt thẳng đứng chống đỡ vối mặt ngo&agrave;i dệt th&ocirc; gi&uacute;p kh&ocirc;ng kh&iacute; tho&aacute;t ra dễ d&agrave;ng, mau kh&ocirc; v&agrave; th&ocirc;ng tho&aacute;ng trong mọi trường hợp.</p>\r\n\r\n<p style=\"text-align:center\"><img alt=\"\" height=\"600\" src=\"/ckfinder/userfiles/images/Product/dsc_0007_941556f3410042a382c0f6b011b721f0_1024x1024%20(1).webp\" width=\"600\" /></p>\r\n\r\n<p style=\"text-align:center\"><img alt=\"\" height=\"600\" src=\"/ckfinder/userfiles/images/Product/dsc_0004_2e555fdd24534353acecbb9cee43b246_1024x1024.webp\" width=\"600\" /></p>\r\n\r\n<p>&nbsp;</p>', NULL, NULL, '2020-06-11 03:12:37', '2020-07-09 03:51:59'),
(45, 'Vớ Biti\'s Hunter Go For Love DQT104000TRG (Trắng)', 'vo-bitis-hunter-go-for-love-dqt104000trg-trang', 'uploads/product/1591895663_vo_gfl_282a65e749264cb487439c940a2f5d9d_1024x1024.webp', 11, 60000, 55000, 21, 1, 1, 0, 17, 'bitis.vn', 'DQT104000TRG00', 4, 5, 'Chưa có tóm tắt', '<p>Chưa c&oacute; m&ocirc; tả</p>', NULL, NULL, '2020-06-11 03:14:23', '2020-06-11 03:14:23'),
(46, 'Dây Giày Biti\'s ALUH00100XAM (Xám)', 'day-giay-bitis-aluh00100xam-xam', 'uploads/product/1591895740_dsc_0121_2587281032cb4ba881e075c8959b7cc1_1024x1024.jpg', 20, 49000, 39000, 22, 1, 1, 0, 17, 'bitis.vn', 'ALUH00100XAM41', 4, 5, 'Chưa có tóm tắt', '<p>Chưa c&oacute; m&ocirc; tả</p>', NULL, NULL, '2020-06-11 03:15:40', '2020-06-11 03:15:40'),
(47, 'Lót Đế Giày Biti\'s Hunter X AIUH00100DEN (Đen)', 'lot-de-giay-bitis-hunter-x-aiuh00100den-den', 'uploads/product/1591895863_aiuh00100den__1__1024x1024.webp', 20, 249000, 229000, 23, 1, 1, 0, 17, 'bitis.vn', 'AIUH00100DEN36', 4, 5, 'Chưa có tóm tắt', '<p>Chưa c&oacute; m&ocirc; tả</p>', NULL, NULL, '2020-06-11 03:17:43', '2020-06-11 03:17:43'),
(48, 'Cặp Pin Kim Loại Mẫu Hương Giang Equality Love AAUH00400DOO', 'cap-pin-kim-loai-mau-huong-giang-equality-love-aauh00400doo', 'uploads/product/1591895999_dsc_0043_2c152637a8a247fc957c7fb73f9227aa_1024x1024.webp', 20, 165000, 149000, 24, 1, 1, 0, 17, 'bitis.vn', 'AAUH00400DOO35', 4, 5, 'Chưa có tóm tắt', '<p>Chưa c&oacute; m&ocirc; tả</p>', NULL, NULL, '2020-06-11 03:19:59', '2020-06-11 03:19:59'),
(49, 'Cặp Pin Kim Loại Mẫu Hương Giang Universal Love AAUH00200DEN', 'cap-pin-kim-loai-mau-huong-giang-universal-love-aauh00200den', 'uploads/product/1591896193_dsc_0040_02acac8a2c304768ab352120657b5a64_1024x1024.webp', 20, 165000, 149000, 25, 1, 1, 0, 18, 'bitis.vn', 'AAUH00200DEN35', 4, 5, 'Chưa có tóm tắt', '<p>TH&Aacute;NG 6 TỰ H&Agrave;O, TỰ TIN &ldquo;Y&Ecirc;U B&Igrave;NH ĐẲNG&rdquo; TR&Ecirc;N TỪNG BƯỚC</p>\r\n\r\n<p>Phi&ecirc;n bản pin c&agrave;i đặc biệt #UniversalLove c&ugrave;ng bạn #GoForLove</p>\r\n\r\n<p>T&igrave;nh y&ecirc;u vốn dĩ b&igrave;nh đẳng, h&agrave;nh tr&igrave;nh trải nghiệm t&igrave;nh y&ecirc;u kh&ocirc;ng bị r&agrave;ng buộc với bất kỳ giới hạn n&agrave;o. Biti&rsquo;s Hunter vẫn lu&ocirc;n đồng h&agrave;nh c&ugrave;ng những tr&aacute;i tim đang y&ecirc;u tr&ecirc;n những bước ch&acirc;n tự tin cất cao tuy&ecirc;n ng&ocirc;n Y&ecirc;u B&igrave;nh Đẳng. V&agrave; trong th&aacute;ng 6 #PrideMonth đầy tự h&agrave;o, h&agrave;nh tr&igrave;nh tiếp bước t&igrave;nh y&ecirc;u nay lại c&agrave;ng mạnh mẽ hơn bao giờ hết với phi&ecirc;n bản pin c&agrave;i đặc biệt:</p>\r\n\r\n<p>Bộ phụ kiện gồm 2 pad d&aacute;n lẻ đ&atilde; đục lỗ &amp; 2 pin c&agrave;i mang biểu tượng Universal Love</p>\r\n\r\n<p>Chất liệu zinc alloy, kh&ocirc;ng bị rỉ s&eacute;t</p>\r\n\r\n<p>D&agrave;nh ri&ecirc;ng cho bộ sưu tập Biti&#39;s Hunter Nameless x Hương Giang: Go For Love</p>\r\n\r\n<p style=\"text-align:center\"><img alt=\"\" height=\"600\" src=\"/ckfinder/userfiles/images/Product/dsc_0046a-02_7fd4158055d84c248e615658c9a7c109_1024x1024.webp\" width=\"600\" /></p>\r\n\r\n<p style=\"text-align:center\"><img alt=\"\" height=\"600\" src=\"/ckfinder/userfiles/images/Product/dsc_0048_c08d73e6de5a44d2843536c82738c0f1_1024x1024.webp\" width=\"600\" /></p>\r\n\r\n<p>&nbsp;</p>', NULL, NULL, '2020-06-11 03:23:13', '2020-07-09 03:48:50'),
(50, 'GIÀY STAN SMITH', 'giay-stan-smith', 'uploads/product/1591896498_Giay_Stan_Smith_Mau_trang_M20324_01_standard.jpg', 6, 2300000, 2250000, 26, 1, 1, 0, 27, 'adidas.com', 'ADIDAS11', 7, 6, 'GIÀY STAN SMITH\r\nPHIÊN BẢN CHÍNH HIỆU CỦA BIỂU TƯỢNG GIÀY QUẦN VỢT KINH ĐIỂN NĂM 1972.', '<p>Gi&agrave;y&nbsp;<a href=\"https://giaygiare.vn/giay-stan-smith\" target=\"_blank\">Stan Smith</a>&nbsp;l&agrave; d&ograve;ng gi&agrave;y được ưa chuộng nhất của&nbsp;<a href=\"https://giaygiare.vn/giay-adidas\">Adidas</a>, với thiết kế đơn giản, lấy m&agrave;u trắng l&agrave;m chủ đạo, c&ugrave;ng những họa tiết v&agrave; m&agrave;u sắc bắt mắt ở phần đu&ocirc;i gi&agrave;y. Đ&ocirc;i&nbsp;<a href=\"https://giaygiare.vn/giay-stan-smith-xanh-la-nam-nu.html\" target=\"_blank\">Stan Smith xanh l&aacute;</a>&nbsp;l&agrave; m&agrave;u b&aacute;n chạy nhất tr&ecirc;n thị trường.<br />\r\nH&atilde;y c&ugrave;ng xem những h&igrave;nh ảnh tại&nbsp;<a href=\"https://giaygiare.vn/\">Tulo&#39;s shop</a>:</p>\r\n\r\n<p style=\"text-align:center\"><img alt=\"Stan Smith xanh lá nam, nữ\" height=\"450\" src=\"/ckfinder/userfiles/images/Product/stan-smith-xanh-la-nam-nu-1.jpg\" width=\"600\" /></p>\r\n\r\n<p style=\"text-align:center\"><img alt=\"Stan Smith xanh lá nam, nữ\" height=\"450\" src=\"/ckfinder/userfiles/images/Product/stan-smith-xanh-la-nam-nu-2.jpg\" width=\"600\" /></p>\r\n\r\n<p style=\"text-align:center\"><img alt=\"Stan Smith xanh lá nam, nữ\" height=\"450\" src=\"/ckfinder/userfiles/images/Product/stan-smith-xanh-la-nam-nu-4.jpg\" width=\"600\" /></p>', NULL, NULL, '2020-06-11 03:28:18', '2020-07-09 03:46:44'),
(51, 'ADIDAS PROPHERE VAPOUR GREY NAM', 'adidas-prophere-vapour-grey-nam', 'uploads/product/1594352531_adidas-prophere-vapour-grey-nam-nu (2).jpg', 11, 900000, 800000, 26, 1, 1, 0, 23, 'adidas.com', 'ADIDAS12', 7, 6, 'Trạng thái : Còn hàng\r\nTình trạng : Hàng mới 100%\r\nGiao hàng & Thanh toán : Giao hàng trên toàn quốc và thanh toán khi nhận hàng', '<h3>ADIDAS PROPHERE VAPOUR GREY NAM NỮ</h3>\r\n\r\n<p style=\"text-align:center\"><img alt=\"Adidas Prophere Vapour Grey Nam Nữ\" height=\"450\" src=\"/ckfinder/userfiles/images/Product/Product5/adidas-prophere-vapour-grey-nam-nu%20(1).jpg\" width=\"600\" /></p>\r\n\r\n<p style=\"text-align:center\"><img alt=\"Adidas Prophere Vapour Grey Nam Nữ\" height=\"489\" src=\"/ckfinder/userfiles/images/Product/adidas-prophere-vapour-grey-nam-nu-2.jpg\" width=\"600\" /></p>\r\n\r\n<p style=\"text-align:center\"><img alt=\"Adidas Prophere Vapour Grey Nam Nữ\" height=\"453\" src=\"/ckfinder/userfiles/images/Product/adidas-prophere-vapour-grey-nam-nu-4.jpg\" width=\"600\" /></p>\r\n\r\n<p style=\"text-align:center\"><img alt=\"Adidas Prophere Vapour Grey Nam Nữ\" height=\"450\" src=\"/ckfinder/userfiles/images/Product/adidas-prophere-vapour-grey-nam-nu-5.jpg\" width=\"600\" /></p>\r\n\r\n<p>&nbsp;</p>', NULL, NULL, '2020-06-11 03:31:00', '2020-07-09 13:42:11'),
(52, 'ADIDAS ULTRA BOOST 20 TRIPLE BLACK NAM 1:1', 'adidas-ultra-boost-20-triple-black-nam-11', 'uploads/product/1594315839_adidas-ultra-boost-20-triple-black-nam-nu-1-1.jpg', 5, 15500000, 1250000, 27, 1, 1, 0, 23, 'adidas.com', 'UTB48', 7, 6, 'GIÀY RAPIDARUN\r\nGIÀY CHẠY BỘ THOẢI MÁI VỚI LỚP ĐỆM MỀM MẠI.', '<h3>ADIDAS ULTRA BOOST 20 TRIPLE BLACK NAM&nbsp;1:1</h3>\r\n\r\n<p style=\"text-align:center\"><img alt=\"Adidas Ultra Boost 20 Triple Black Nam Nữ 1:1\" height=\"450\" src=\"/ckfinder/userfiles/images/Product/Product5/adidas-ultra-boost-20-triple-black-nam-nu-1-1%20(1).jpg\" width=\"600\" /></p>\r\n\r\n<p style=\"text-align:center\"><img alt=\"Adidas Ultra Boost 20 Triple Black Nam Nữ 1:1\" height=\"450\" src=\"/ckfinder/userfiles/images/Product/Product5/adidas-ultra-boost-20-triple-black-nam-nu-1-1-1.jpg\" width=\"600\" /></p>\r\n\r\n<p>&nbsp;</p>\r\n\r\n<p style=\"text-align:center\"><img alt=\"Adidas Ultra Boost 20 Triple Black Nam Nữ 1:1\" height=\"450\" src=\"/ckfinder/userfiles/images/Product/Product5/adidas-ultra-boost-20-triple-black-nam-nu-1-1-3.jpg\" width=\"600\" /></p>\r\n\r\n<p style=\"text-align:center\"><img alt=\"Adidas Ultra Boost 20 Triple Black Nam Nữ 1:1\" height=\"450\" src=\"/ckfinder/userfiles/images/Product/Product5/adidas-ultra-boost-20-triple-black-nam-nu-1-1-6.jpg\" width=\"600\" /></p>\r\n\r\n<p style=\"text-align:center\"><img alt=\"Adidas Ultra Boost 20 Triple Black Nam Nữ 1:1\" height=\"450\" src=\"/ckfinder/userfiles/images/Product/Product5/adidas-ultra-boost-20-triple-black-nam-nu-1-1-7.jpg\" width=\"600\" /></p>\r\n\r\n<p>&nbsp;</p>', NULL, NULL, '2020-06-11 03:33:31', '2020-07-09 03:31:18'),
(53, 'BỘ 3 ĐÔI TẤT ẨN', 'bo-3-doi-tat-an', 'uploads/product/1591896956_Bo_3_djoi_tat_an_Mau_trang_FM0676_03_standard.jpg', 20, 300000, 295000, 28, 1, 1, 0, 17, 'adidas.com', 'VOADIDAS1', 7, 6, 'BỘ 3 ĐÔI TẤT ẨN\r\nBA ĐÔI TẤT CỔ THẤP CỐ ĐỊNH, MỀM MẠI VÀ THOẢI MÁI.', '<p>BỘ 3 Đ&Ocirc;I TẤT ẨN</p>\r\n\r\n<p>BA Đ&Ocirc;I TẤT CỔ THẤP CỐ ĐỊNH, MỀM MẠI V&Agrave; THOẢI M&Aacute;I.</p>\r\n\r\n<p>Đừng để cảm gi&aacute;c vướng v&iacute;u, ch&ugrave;n ứ hay trơn tuột của đ&ocirc;i tất cản bước bạn. Những đ&ocirc;i tất cổ thấp adidas n&agrave;y lu&ocirc;n cố định trong đ&ocirc;i gi&agrave;y sneaker của bạn bất kể mọi t&igrave;nh huống. Ho&agrave;n to&agrave;n l&agrave; cảm gi&aacute;c thoải m&aacute;i.</p>', NULL, NULL, '2020-06-11 03:35:56', '2020-06-11 03:35:56'),
(54, 'BỘ 3 ĐÔI TẤT CAO CỔ', 'bo-3-doi-tat-cao-co', 'uploads/product/1591897052_Bo_3_djoi_tat_cao_co_Mau_trang_FM0625_03_standard.jpg', 22, 300000, 295000, 29, 1, 1, 0, 17, 'adidas.com', 'VOADIDAS2', 7, 6, 'BỘ 3 ĐÔI TẤT CAO CỔ', '<p>BỘ 3 Đ&Ocirc;I TẤT CAO CỔ</p>\r\n\r\n<p>Những đ&ocirc;i tất trơn cao cổ n&agrave;y tăng cường độ thoải m&aacute;i với miếng l&oacute;t đệm vừa phải. L&agrave;m bằng vải cotton co gi&atilde;n nhẹ với nhiều m&agrave;u sắc đa dạng, những đ&ocirc;i tất nam n&agrave;y d&agrave;i hơn c&ugrave;ng họa tiết 3 Sọc v&agrave; Ba L&aacute; tr&ecirc;n viền g&acirc;n sọc.</p>', NULL, NULL, '2020-06-11 03:37:32', '2020-06-11 03:37:32'),
(55, 'MŨ LƯỠI TRAI TREFOIL KHUY BẤM', 'mu-luoi-trai-trefoil-khuy-bam', 'uploads/product/1591897253_Mu_luoi_trai_Trefoil_khuy_bam_Mau_djen_DV0176_01_standard.jpg', 7, 600000, 599000, 20, 1, 1, 0, 17, 'adidas.com', 'MUADIDAS1', 7, 6, 'MŨ LƯỠI TRAI TREFOIL KHUY BẤM\r\nMẪU MŨ LƯỠI TRAI VÀNH THẲNG VỚI NÉT ĐẶC TRƯNG KHÔNG THỂ NHẦM LẪN CỦA ADIDAS.', '<p>MŨ LƯỠI TRAI TREFOIL KHUY BẤM</p>\r\n\r\n<p style=\"text-align:center\"><img alt=\"\" height=\"500\" src=\"/ckfinder/userfiles/images/Product/Product5/Mu_luoi_trai_Trefoil_khuy_bam_Mau_djen_DV0176_02_standard.jpg\" width=\"500\" /></p>\r\n\r\n<p>MẪU MŨ LƯỠI TRAI V&Agrave;NH THẲNG VỚI N&Eacute;T ĐẶC TRƯNG KH&Ocirc;NG THỂ NHẦM LẪN CỦA ADIDAS.</p>\r\n\r\n<p>Thể hiện niềm tự h&agrave;o adidas của bạn. Mẫu mũ lưỡi trai v&agrave;nh thẳng n&agrave;y l&agrave;m nổi bật phong c&aacute;ch adidas Originals đ&iacute;ch thực với logo Trefoil lớn th&ecirc;u ở đằng trước. Mũ được thiết kế để tạo ra sự thoải m&aacute;i, với chất liệu cotton co gi&atilde;n v&agrave; khuy bấm điều chỉnh được.</p>\r\n\r\n<p style=\"text-align:center\"><img alt=\"\" height=\"500\" src=\"/ckfinder/userfiles/images/Product/Product5/Mu_luoi_trai_Trefoil_khuy_bam_Mau_djen_DV0176_42_detail.jpg\" width=\"500\" /></p>\r\n\r\n<p>&nbsp;</p>', NULL, NULL, '2020-06-11 03:40:53', '2020-10-13 00:31:42'),
(56, 'Giày Thể Thao Adidas Falcon Shoes Women\'s Màu Hồng Tím', 'giay-the-thao-adidas-falcon-shoes-womens-mau-hong-tim', 'uploads/product/1594307833_giay-the-thao-adidas-falcon-shoes-women-s-mau-hong-tim-5e746775750bf-20032020134925.jpg', 11, 3000000, 2200000, 21, 1, 1, 0, 26, 'adidas.com', 'h022564', 7, 6, 'Kiểu dáng: Giày thể thao\r\nGiới tính: Nữ\r\nMàu sắc: Hồng tím', '<h2>Mua Gi&agrave;y Thể Thao Adidas Falcon Shoes Women&#39;s M&agrave;u Hồng T&iacute;m</h2>\r\n\r\n<p><strong>Gi&agrave;y Thể Thao Adidas Falcon Shoes Women&#39;s M&agrave;u Hồng T&iacute;m&nbsp;</strong>mặt h&agrave;ng&nbsp;<a href=\"https://vuahanghieu.com/giay\">gi&agrave;y d&eacute;p thời trang</a>&nbsp;chất lượng ch&iacute;nh h&atilde;ng của&nbsp;<a href=\"https://vuahanghieu.com/adidas\">thương hiệu Adidas&nbsp;</a>nổi tiếng thế giới,&nbsp;&nbsp;Gi&agrave;y Thể Thao Adidas Falcon Shoes Women&#39;s M&agrave;u Hồng T&iacute;m đang được giảm gi&aacute; ưu đ&atilde;i&nbsp; tại gian h&agrave;ng&nbsp;VHH tr&ecirc;n s&agrave;n thương mại điện tử&nbsp;<a href=\"https://vuahanghieu.com/\">Vua H&agrave;ng Hiệu</a>.</p>\r\n\r\n<h3><strong>V&agrave;i n&eacute;t về Gi&agrave;y Thể Thao Adidas Falcon Shoes Women&#39;s M&agrave;u Hồng T&iacute;m</strong></h3>\r\n\r\n<p><strong>Gi&agrave;y Thể Thao Adidas Falcon Shoes Women&#39;s M&agrave;u Hồng T&iacute;m</strong>&nbsp;được thiết kế trẻ trung, hiện đại. Đ&acirc;y l&agrave; một trong những đ&ocirc;i gi&agrave;y Hot Hit hiện nay được đ&ocirc;ng đảo c&aacute;c bạn trẻ y&ecirc;u th&iacute;ch lựa chọn.</p>\r\n\r\n<p>Gi&agrave;y l&agrave;m từ chất liệu da, vải lưới cao cấp mang đến cảm gi&aacute;c thoải m&aacute;i nhất cho người sử dụng. M&agrave;u sắc đơn giản dễ d&agrave;ng kết hợp với c&aacute;c trang phục kh&aacute;c nhau để thay đổi phong c&aacute;ch cho bản th&acirc;n năng động hơn.</p>\r\n\r\n<p style=\"text-align:center\"><img alt=\"\" height=\"500\" src=\"https://cdn.vuahanghieu.com/unsafe/0x0/left/top/smart/filters:quality(90)/https://admin.vuahanghieu.com/upload/news/content/2020/03/81786500_476830643020768_610271890203738112_o-jpg-1584687548-20032020135908.jpg\" width=\"500\" /></p>\r\n\r\n<p>Đường may của gi&agrave;y tinh tế, tỉ mỉ từng chi tiết, đảm bảo h&agrave;i l&ograve;ng ngay cả với kh&aacute;ch h&agrave;ng kh&oacute; t&iacute;nh nhất. Phần đế gi&agrave;y chống trơn trượt an to&agrave;n, sản phẩm bền đẹp trong suốt qu&aacute; tr&igrave;nh sử dụng.&nbsp;</p>\r\n\r\n<p style=\"text-align:center\"><img alt=\"\" height=\"500\" src=\"https://cdn.vuahanghieu.com/unsafe/0x0/left/top/smart/filters:quality(90)/https://admin.vuahanghieu.com/upload/news/content/2020/03/81626183_476830683020764_6498697998917173248_o-jpg-1584687564-20032020135924.jpg\" width=\"500\" /></p>\r\n\r\n<p>Gi&agrave;y ph&ugrave; hợp đi trong nhiều ho&agrave;n cảnh kh&aacute;c nhau đi học, đi chơi, du lịch, chạy bộ...</p>', NULL, NULL, '2020-06-11 03:43:51', '2020-07-09 01:17:13'),
(57, 'Giày Sneaker Adidas 90s Valasion EG2901 Màu Xám Đen Size 36', 'giay-sneaker-adidas-90s-valasion-eg2901-mau-xam-den-size-36', 'uploads/product/1594307708_giay-the-thao-mau-xam-cho-nu.jpg', 8, 3200000, 2100000, 22, 1, 1, 0, 26, 'adidas.com', 'h023583', 7, 6, 'Kiểu dáng: Sneakers\r\nGiới tính: Nữ\r\nMàu sắc: Xám, đen', '<h2>Mua Gi&agrave;y Sneaker Adidas 90s Valasion EG2901 M&agrave;u X&aacute;m Đen Size 36</h2>\r\n\r\n<p><strong>Gi&agrave;y Sneaker Adidas 90s Valasion EG2901 M&agrave;u X&aacute;m Đen Size 36&nbsp;</strong>mặt h&agrave;ng&nbsp;<a href=\"https://vuahanghieu.com/giay\">gi&agrave;y d&eacute;p thời trang</a>&nbsp;chất lượng ch&iacute;nh h&atilde;ng của&nbsp;<a href=\"https://vuahanghieu.com/adidas\">thương hiệu Adidas&nbsp;</a>nổi tiếng thế giới,&nbsp;&nbsp;Gi&agrave;y Sneaker Adidas 90s Valasion EG2901 M&agrave;u X&aacute;m Đen Size 36 đang được giảm gi&aacute; ưu đ&atilde;i&nbsp; tại gian h&agrave;ng&nbsp;Thể Thao Ch&iacute;nh H&atilde;ng tr&ecirc;n s&agrave;n thương mại điện tử&nbsp;<a href=\"https://vuahanghieu.com/\">Vua H&agrave;ng Hiệu</a>.</p>\r\n\r\n<h3><strong>V&agrave;i n&eacute;t về Gi&agrave;y Sneaker Adidas 90s Valasion EG2901 M&agrave;u X&aacute;m Đen Size 36</strong></h3>\r\n\r\n<p><strong><a href=\"https://vuahanghieu.com/giay/sneakers\">Gi&agrave;y Sneaker</a>&nbsp;Adidas 90s Valasion EG2901 M&agrave;u X&aacute;m Đen</strong>&nbsp;thiết kế đẹp mắt, kiểu d&aacute;ng hiện đại. Với đ&ocirc;i gi&agrave;y thời trang n&agrave;y chắc chắn bạn sẽ trở n&ecirc;n năng động v&agrave; trẻ trung hơn.</p>\r\n\r\n<p>Form gi&agrave;y chuẩn đẹp, c&aacute;c đường may rất chắc chắn v&agrave; tinh đế đảm bảo h&agrave;i l&ograve;ng mọi kh&aacute;ch h&agrave;ng.</p>\r\n\r\n<p>Th&acirc;n gi&agrave;y bằng da v&agrave; vải lưới, đế giữa c&ocirc;ng nghệ đệm Cloudfoam v&agrave; l&oacute;t gi&agrave;y OrthoLite, đế ngo&agrave;i bằng chất liệu tổng hợp.</p>\r\n\r\n<p style=\"text-align:center\"><img alt=\"\" height=\"500\" src=\"https://cdn.vuahanghieu.com/unsafe/0x0/left/top/smart/filters:quality(90)/https://admin.vuahanghieu.com/upload/news/content/2020/05/giay-the-thao-mau-xam-cho-nu-jpg-1588931596-08052020165316.jpg\" width=\"500\" /></p>\r\n\r\n<p>M&agrave;u sắc trung t&iacute;nh dễ d&agrave;ng kết hợp với c&aacute;c trang phục kh&aacute;c nhau, gi&agrave;y ph&ugrave; hợp đi trong nhiều ho&agrave;n cảnh: đi học, đi chơi, dạo phố, luyện tập thể dục, thể thao...</p>', NULL, NULL, '2020-06-11 03:46:49', '2020-07-09 01:15:08'),
(58, 'GIÀY GUCCI RHYTON 1:1', 'giay-gucci-rhyton-11', 'uploads/product/1591936668_giay-gucci-rhyton-1-1.jpg', 5, 2700000, 2400000, 1, 1, 1, 0, 26, 'gucci.com', 'GC6', 9, 2, 'Tulo\'s shop cung cấp giày thể thao ADIDAS chuẩn đẹp, chất lượng, giá cả hợp lý, cam kết chất lượng.\r\nTrạng thái : Còn hàng\r\nTình trạng : Hàng mới 100%\r\nGiao hàng & Thanh toán : Giao hàng trên toàn quốc và thanh toán khi nhận hàng', '<h3>GI&Agrave;Y GUCCI RHYTON 1:1</h3>\r\n\r\n<p style=\"text-align:center\"><img alt=\"Giày Gucci Rhyton 1:1\" height=\"450\" src=\"/ckfinder/userfiles/images/Product/giay-gucci-rhyton-1-1-7.jpg\" width=\"600\" /></p>\r\n\r\n<p style=\"text-align:center\"><img alt=\"Giày Gucci Rhyton 1:1\" height=\"450\" src=\"https://giaygiare.vn/upload/images/giay-gucci-rhyton-1-1.jpg\" width=\"600\" /></p>\r\n\r\n<p style=\"text-align:center\"><img alt=\"Giày Gucci Rhyton 1:1\" height=\"450\" src=\"/ckfinder/userfiles/images/Product/giay-gucci-rhyton-1-1-1.jpg\" width=\"600\" /></p>\r\n\r\n<p style=\"text-align:center\"><img alt=\"Giày Gucci Rhyton 1:1\" height=\"461\" src=\"/ckfinder/userfiles/images/Product/giay-gucci-rhyton-1-1-4.jpg\" width=\"600\" /></p>\r\n\r\n<p style=\"text-align:center\"><img alt=\"Giày Gucci Rhyton 1:1\" height=\"338\" src=\"/ckfinder/userfiles/images/Product/giay-gucci-rhyton-1-1-7(1).jpg\" width=\"450\" /></p>\r\n\r\n<p style=\"text-align:center\"><img alt=\"Giày Gucci Rhyton 1:1\" height=\"450\" src=\"https://giaygiare.vn/upload/images/giay-gucci-rhyton-1-1-5.jpg\" width=\"600\" /></p>', NULL, NULL, '2020-06-11 14:37:48', '2020-07-08 23:50:56'),
(59, 'Giày lười công sở SDrolun màu đen mới nhất', 'giay-luoi-cong-so-sdrolun-mau-den-moi-nhat', 'uploads/product/1594307385_giay-luoi-cong-so-sdrolun-mau-den-moi-nhat-ma-gl21817d-giaynam (2).png', 8, 1300000, 1250000, 30, 1, 1, 0, 27, 'gucci.com', 'GL21817D', 9, 2, 'Giày lười công sở SDrolun màu đen mới nhất mã GL21817D vừa cập bến giaynam.com nổi bật với họa tiết đường gân sóng chính giữa trung tâm.', '<p><em>Những đ&ocirc;i gi&agrave;y hiện nay kh&ocirc;ng c&ograve;n đơn giản l&agrave; m&oacute;n đồ gi&uacute;p bảo vệ đ&ocirc;i ch&acirc;n m&agrave; n&oacute; c&ograve;n trở th&agrave;nh m&oacute;n đồ thể hiện thời trang, phong c&aacute;ch v&agrave; c&aacute; t&iacute;nh ri&ecirc;ng của chủ nh&acirc;n đ&ocirc;i gi&agrave;y. Bởi vậy, nhiều kh&aacute;ch h&agrave;ng tỏ ra tỉ mỉ khi chọn gi&agrave;y v&agrave; họ thường bị thu h&uacute;t bởi đ&ocirc;i <strong>gi&agrave;y lười c&ocirc;ng sở</strong> SDrolun m&agrave;u đen mới nhất m&atilde; GL21817D vừa cập bến giaynam.com.</em></p>\r\n\r\n<p style=\"text-align:center\"><img alt=\"\" height=\"500\" src=\"http://giaynam.com/images/upload/giay-luoi-cong-so-sdrolun-mau-den-moi-nhat-ma-gl21817d-giaynam%20(2).png\" width=\"500\" /></p>\r\n\r\n<p><em><a href=\"http://giaynam.com/giay-luoi/\" target=\"\"><strong>Gi&agrave;y lười nam</strong></a> m&atilde; GL21817D nổi bật với họa tiết đường g&acirc;n s&oacute;ng ch&iacute;nh giữa trung t&acirc;m v&agrave; l&agrave; mẫu gi&agrave;y được c&aacute;nh m&agrave;y r&acirc;u rất ưa chuộng bởi nhiều l&iacute; do. Từ thiết kế gi&agrave;y đến chất lượng đế, da gi&agrave;y đều được lựa chọn v&agrave; t&iacute;nh to&aacute;n cẩn thận từ những nguy&ecirc;n liệu tốt nhất. Bởi vậy ch&uacute;ng ta c&oacute; một đ&ocirc;i gi&agrave;y tốt, hoản hảo dễ d&agrave;ng kết hợp với c&aacute;c trang phục : quần &acirc;u/t&acirc;y, kaki, &aacute;o sơ mi, vest... cho những ho&agrave;n cảnh kh&aacute;c nhau. C&aacute;c bạn cũng c&oacute; thể xem th&ecirc;m c&aacute;c mẫu gi&agrave;y <a href=\"http://giaynam.com/tag/giay-savato-nam/\" target=\"\"><strong>Savato</strong></a> tương tư.</em></p>\r\n\r\n<p style=\"text-align:center\"><img alt=\"\" height=\"500\" src=\"http://giaynam.com/images/upload/giay-luoi-cong-so-sdrolun-mau-den-moi-nhat-ma-gl21817d-giaynam%20(4).png\" width=\"500\" /></p>\r\n\r\n<p><em>Điều đặc biệt ở đ&ocirc;i <strong>gi&agrave;y lười nam đẹp</strong> m&atilde; GL21817D l&agrave; sự mềm mại thậm ch&iacute; bạn c&oacute; thể gập s&acirc;u 180 độ đ&ocirc;i gi&agrave;y vẫn c&oacute; độ đ&agrave;n hồi tốt. Gi&agrave;y đi &ecirc;m ch&acirc;n nhờ th&agrave;nh phần da tạo n&ecirc;n gi&agrave;y l&agrave; da b&ograve; cao cấp. Lớp da b&ecirc;n ngo&agrave;i gi&agrave;y cho đến lớp l&oacute;t gi&agrave;y đều được l&agrave;m từ da &ecirc;m, đ&agrave;n hồi v&agrave; khả năng chịu lực t&aacute;c động lớn. Miếng l&oacute;t gi&agrave;y thấm mồ h&ocirc;i tốt, th&ocirc;ng tho&aacute;ng v&agrave; th&acirc;n thiện với da ch&acirc;n.</em></p>\r\n\r\n<p style=\"text-align:center\"><img alt=\"\" height=\"500\" src=\"http://giaynam.com/images/upload/giay-luoi-cong-so-sdrolun-mau-den-moi-nhat-ma-gl21817d-giaynam%20(5).png\" width=\"500\" /></p>\r\n\r\n<p><em>Gi&agrave;y lười c&ocirc;ng sở SDrolun m&agrave;u đen mới nhất m&atilde; GL21817D nổi bật với khả năng b&aacute;m đường, ma s&aacute;t tốt l&agrave; nhờ đế gi&agrave;y được l&agrave;m bằng cao su. Đ&ocirc;i gi&agrave;y giờ đ&acirc;y như một m&oacute;n đồ thời trang gi&uacute;p c&aacute;c qu&yacute; &ocirc;ng hiện đại v&agrave; trẻ trung, thanh lịch hơn trong mắt mọi người. Bạn đ&atilde; sẵn s&agrave;ng rinh ngay đ&ocirc;i gi&agrave;y lười m&atilde; GL21817D về kệ gi&agrave;y của m&igrave;nh chưa? </em></p>', NULL, NULL, '2020-06-11 19:57:21', '2020-07-09 01:09:45');
INSERT INTO `products` (`id`, `name`, `slug`, `image`, `stock`, `price`, `sale`, `position`, `is_active`, `is_hot`, `views`, `category_id`, `url`, `sku`, `brand_id`, `vendor_id`, `summary`, `description`, `meta_title`, `meta_description`, `created_at`, `updated_at`) VALUES
(61, 'Giày Sneaker Gucci Men\'s Ace Leather Màu Đen Cho Nam', 'giay-sneaker-gucci-mens-ace-leather-mau-den-cho-nam', 'uploads/product/1591956848_giay-sneaker-gucci-men-s-ace-leather-mau-den-5e06c5f67bba6-28122019100318.jpg', 8, 11000000, 9800000, 31, 1, 1, 0, 27, 'gucci.com', 'h018997', 9, 2, 'THÔNG TIN CHUNG\r\nKIỂU DÁNG: Giày thể thao\r\nGIỚI TÍNH: Nam\r\nMÀU SẮC: Đen\r\nCHẤT LIỆU: Da cao cấp\r\nPHONG CÁCH: Hiện đại, trẻ trung\r\nXUẤT XỨ: Ý\r\nMẶT HÀNG: Có sẵn', '<p><a href=\"https://vuahanghieu.com/giay/sneakers\">Gi&agrave;y Sneaker</a>&nbsp;Gucci Men&#39;s Ace Leather M&agrave;u Đen c&oacute; thiết kế hiện đại, năng động, trẻ trung dễ kết hợp với nhiều trang phục kh&aacute;c nhau.</p>\r\n\r\n<p style=\"text-align:center\"><img alt=\"\" height=\"500\" src=\"https://cdn.vuahanghieu.com/unsafe/0x0/left/top/smart/filters:quality(90):format(jpeg)/https://admin.vuahanghieu.com/upload/news/content/2020/02/giay-sneaker-gucci-men-s-ace-leather-mau-den-1-jpg-1581941308-17022020190828.jpg\" width=\"500\" /></p>\r\n\r\n<p>Gi&agrave;y được l&agrave;m từ&nbsp;<a href=\"https://vuahanghieu.com/giay/da-cao-cap\">chất liệu da cao cấp</a>, &ecirc;m &aacute;i, thoải m&aacute;i cho đ&ocirc;i ch&acirc;n khi di chuyển. Sản phẩm bền đẹp thời gian sử dụng l&acirc;u d&agrave;i.</p>\r\n\r\n<p>Thương hiệu thời trang Gucci được c&aacute;c chuy&ecirc;n gia thời trang đ&aacute;nh gi&aacute; l&agrave; thương hiệu kh&ocirc;ng chỉ kế thừa v&agrave; t&ocirc;n vinh ng&agrave;nh nghề thủ c&ocirc;ng truyền thống của &Yacute; m&agrave; c&ograve;n kh&ocirc;ng ngừng đổi mới trong những sản phẩm của m&igrave;nh. Từ đ&oacute; đưa t&ecirc;n tuổi của Gucci trở th&agrave;nh một trong những thương hiệu cao cấp v&agrave; c&oacute; gi&aacute; trị nhất tr&ecirc;n thế giới.</p>\r\n\r\n<p>Trong thời gian gần đ&acirc;y, thương hiệu n&agrave;y c&ograve;n cho ra mắt rất nhiều phi&ecirc;n bản&nbsp;<a href=\"https://vuahanghieu.com/gucci/giay\">Gi&agrave;y Gucci</a>&nbsp;trắng mới nhất 2019. Những si&ecirc;u phẩm n&agrave;y đ&atilde; l&agrave;m &ldquo;đi&ecirc;n đảo&rdquo; những t&iacute;n đồ thời trang n&oacute;i chung v&agrave; những người y&ecirc;u th&iacute;ch Sneaker n&oacute;i ri&ecirc;ng.</p>\r\n\r\n<p style=\"text-align:center\"><img alt=\"\" height=\"500\" src=\"https://cdn.vuahanghieu.com/unsafe/0x0/left/top/smart/filters:quality(90):format(jpeg)/https://admin.vuahanghieu.com/upload/news/content/2020/02/giay-sneaker-gucci-men-s-ace-leather-mau-den-2-jpg-1581941318-17022020190838.jpg\" width=\"500\" /></p>', NULL, NULL, '2020-06-11 20:14:08', '2020-07-09 01:03:09'),
(62, 'Giày Sneaker Gucci Men\'s Ace Embroidered', 'giay-sneaker-gucci-mens-ace-embroidered', 'uploads/product/1591957084_giay-gucci-men-s-ace-embroidered-sneaker-mau-trang-5e1c19bdeb9b4-13012020141821.jpg', 7, 14800000, 14100000, 32, 1, 1, 0, 27, 'gucci.com', 'h019524', 9, 2, 'THÔNG TIN CHUNG\r\nKIỂU DÁNG: Sneakers\r\nGIỚI TÍNH: Unisex\r\nMÀU SẮC: Trắng\r\nCHẤT LIỆU: Da cao cấp\r\nPHONG CÁCH: Hiện đại, trẻ trung\r\nXUẤT XỨ: Ý', '<p>Gi&agrave;y Sneaker &nbsp;Gucci Men&#39;s Ace Embroidered M&agrave;u Trắng &ndash; Thiết kế trẻ trung, năng động, dễ kết hợp với nhiều trang phục kh&aacute;c nhau để thay đổi phong c&aacute;ch.<br />\r\nGi&agrave;y được l&agrave;m từ&nbsp;<a href=\"https://vuahanghieu.com/giay/da-cao-cap\">chất liệu da cao cấp</a>, &ecirc;m &aacute;i, thoải m&aacute;i cho đ&ocirc;i ch&acirc;n khi di chuyển. Họa tiết ong v&agrave; ng&ocirc;i sao th&ecirc;u bằng chỉ v&agrave;ng nổi bật. Sản phẩm bền đẹp thời gian sử dụng l&acirc;u d&agrave;i. Đế cao su mềm nhẹ, xẻ r&atilde;nh chống trơn trượt an to&agrave;n.</p>\r\n\r\n<p>Thương hiệu thời trang Gucci được c&aacute;c chuy&ecirc;n gia thời trang đ&aacute;nh gi&aacute; l&agrave; thương hiệu kh&ocirc;ng chỉ kế thừa v&agrave; t&ocirc;n vinh ng&agrave;nh nghề thủ c&ocirc;ng truyền thống của &Yacute; m&agrave; c&ograve;n kh&ocirc;ng ngừng đổi mới trong những sản phẩm của m&igrave;nh. Từ đ&oacute; đưa t&ecirc;n tuổi của Gucci trở th&agrave;nh một trong những thương hiệu cao cấp v&agrave; c&oacute; gi&aacute; trị nhất tr&ecirc;n thế giới.</p>\r\n\r\n<p style=\"text-align:center\"><img alt=\"\" height=\"500\" src=\"/ckfinder/userfiles/images/Product/Product5/giay-gucci-men-s-ace-embroidered-sneaker-mau-trang-5e1c19be8fdb5-13012020141822.jpg\" width=\"500\" /></p>\r\n\r\n<p style=\"text-align:center\"><img alt=\"\" height=\"500\" src=\"/ckfinder/userfiles/images/Product/Product5/giay-gucci-men-s-ace-embroidered-sneaker-mau-trang-5e1c19be5efdd-13012020141822.jpg\" width=\"500\" /></p>\r\n\r\n<p style=\"text-align:center\"><img alt=\"\" height=\"500\" src=\"/ckfinder/userfiles/images/Product/Product5/giay-gucci-men-s-ace-embroidered-sneaker-mau-trang-5e1c19be23795-13012020141822.jpg\" width=\"500\" /></p>\r\n\r\n<p>&nbsp;</p>', NULL, NULL, '2020-06-11 20:18:04', '2020-07-09 01:01:55'),
(63, 'Giày Gucci Men\'s Ace Gucci Stripe Sneaker Màu Đen', 'giay-gucci-mens-ace-gucci-stripe-sneaker-mau-den', 'uploads/product/1591957290_giay-gucci-baskets-en-cuir-avec-bande-mau-den-5e043e5f2f9aa-26122019120015.jpg', 11, 11970000, 11400000, 1, 1, 1, 0, 27, 'gucci.com', 'h018964', 9, 2, 'THÔNG TIN CHUNG\r\nKIỂU DÁNG: Giày thể thao\r\nGIỚI TÍNH: Nam\r\nMÀU SẮC: Đen\r\nCHẤT LIỆU: Da cao cấp\r\nXUẤT XỨ: Ý', '<p>Gi&agrave;y Gucci Men&#39;s Ace Gucci Stripe Sneaker M&agrave;u Đen được lấy cảm hứng từ c&aacute;c logo ruy băng t&ocirc; điểm cho c&aacute;c mặt của đ&ocirc;i gi&agrave;y cổ điển từ những năm 80.&nbsp;</p>\r\n\r\n<ul>\r\n	<li>Da cao cấp</li>\r\n	<li>Sự kết hợp của m&agrave;u đỏ v&agrave; đen</li>\r\n	<li>Chi tiết da đỏ &aacute;nh kim ở mặt sau</li>\r\n	<li>Đế cao su</li>\r\n	<li>Chiều cao 5mm</li>\r\n	<li>Sản xuất tại &Yacute;</li>\r\n</ul>\r\n\r\n<p style=\"text-align:center\"><img alt=\"\" height=\"500\" src=\"/ckfinder/userfiles/images/Product/Product4/giay-gucci-baskets-en-cuir-avec-bande-mau-den-5e043e5f38890-26122019120015.jpg\" width=\"500\" /></p>\r\n\r\n<p style=\"text-align:center\"><img alt=\"\" height=\"500\" src=\"/ckfinder/userfiles/images/Product/Product4/giay-gucci-baskets-en-cuir-avec-bande-mau-den-5e043e5f2b51d-26122019120015.jpg\" width=\"500\" /></p>\r\n\r\n<p style=\"text-align:center\"><img alt=\"\" height=\"500\" src=\"/ckfinder/userfiles/images/Product/Product4/giay-gucci-baskets-en-cuir-avec-bande-mau-den-5e043e5ee203f-26122019120014.jpg\" width=\"500\" /></p>\r\n\r\n<p>&nbsp;</p>', NULL, NULL, '2020-06-11 20:21:30', '2020-07-09 01:00:05'),
(64, 'Giày Gucci Unisex Ace GG Supreme Sneaker With Bees', 'giay-gucci-unisex-ace-gg-supreme-sneaker-with-bees', 'uploads/product/1591957482_giay-gucci-women-s-ace-gg-supreme-sneaker-with-bees-5e057d119f154-27122019104001.jpg', 8, 14100000, 13490000, 33, 1, 1, 0, 27, 'gucci.com', 'h018989', 9, 2, 'THÔNG TIN CHUNG\r\nKIỂU DÁNG: Sneakers\r\nGIỚI TÍNH: Unisex\r\nMÀU SẮC: Xanh phối đỏ\r\nCHẤT LIỆU: Da + Vải cao cấp\r\nPHONG CÁCH: Hiện đại, năng động, trẻ trung\r\nXUẤT XỨ: Ý', '<p><a href=\"https://vuahanghieu.com/gucci/giay\">Gi&agrave;y Gucci</a>&nbsp;Unisex Ace GG Supreme Sneaker With Bees - Thiết kế hiện đại với phong c&aacute;ch trẻ trung, năng động. Với t&ocirc;ng m&agrave;u xanh, đỏ nổi bật l&agrave;m điểm nhấn.<br />\r\nGi&agrave;y được l&agrave;m từ chất liệu Da + vải cao cấp bền đẹp, thời gian sử dụng l&acirc;u d&agrave;i.</p>\r\n\r\n<p style=\"text-align:center\"><img alt=\"\" height=\"500\" src=\"/ckfinder/userfiles/images/Product/Product4/giay-gucci-women-s-ace-gg-supreme-sneaker-with-bees-5e057d119ffeb-27122019104001.jpg\" width=\"500\" /></p>\r\n\r\n<p style=\"text-align:center\"><img alt=\"\" height=\"500\" src=\"/ckfinder/userfiles/images/Product/Product4/giay-gucci-women-s-ace-gg-supreme-sneaker-with-bees-5e057d119d8e3-27122019104001.jpg\" width=\"500\" /></p>\r\n\r\n<p style=\"text-align:center\"><img alt=\"\" height=\"600\" src=\"/ckfinder/userfiles/images/Product/Product4/giay-gucci-women-s-ace-gg-supreme-sneaker-with-bees-5e057d119f8c9-27122019104001.jpg\" width=\"600\" /></p>\r\n\r\n<p>&nbsp;</p>', NULL, NULL, '2020-06-11 20:24:42', '2020-07-09 00:57:57'),
(65, 'Dép Cao Gót Da Thật Nữ Gosto Fairy Tale GFW013000HOG (Hồng)', 'dep-cao-got-da-that-nu-gosto-fairy-tale-gfw013000hog-hong', 'uploads/product/1591957818_gfw013000hog__5__4c73810d412b4f3eb1ed06a3605f8540_1024x1024.webp', 8, 900000, 829000, 1, 1, 1, 0, 25, 'bitis.vn', 'GFW013000HOG35', 10, 5, 'Chưa có tóm tắt', '<p>Chưa c&oacute; m&ocirc; tả cho sản phẩm n&agrave;y</p>\r\n\r\n<p style=\"text-align:center\"><img alt=\"\" height=\"600\" src=\"/ckfinder/userfiles/images/Product/Product4/gfw013000hog__1__b81439de4dd54feaa5c4d96830a0c283_1024x1024.webp\" width=\"600\" /></p>\r\n\r\n<p style=\"text-align:center\"><img alt=\"\" height=\"600\" src=\"/ckfinder/userfiles/images/Product/Product4/gfw013000hog__2__dd16b4de5e814b70ab5618c8384296fb_1024x1024.webp\" width=\"600\" /></p>\r\n\r\n<p style=\"text-align:center\"><img alt=\"\" height=\"600\" src=\"/ckfinder/userfiles/images/Product/Product4/gfw013000hog__4__f0b950db98764e7c9309be9f714d3e74_1024x1024.webp\" width=\"600\" /></p>\r\n\r\n<p>&nbsp;</p>', NULL, NULL, '2020-06-11 20:30:18', '2020-07-09 00:51:25'),
(66, 'Giày Cao Gót Da Thật Nữ Gosto Everyday GFW009488DEN (Đen)', 'giay-cao-got-da-that-nu-gosto-everyday-gfw009488den-den', 'uploads/product/1591958006_gfw009488den__3__0bd31a4c10bd4abab68f2d9a59cd0c36_1024x1024.jpg', 6, 899000, 849000, 2, 1, 1, 0, 25, 'bitis.vn', 'GFW009488DEN35', 10, 5, 'Chưa có tóm tắt', '<p>&nbsp;</p>\r\n\r\n<p style=\"text-align:center\"><img alt=\"\" height=\"500\" src=\"/ckfinder/userfiles/images/Product/Product3/gfw009488den__5__a5e0312cd1c14adea0c965b99530caeb_1024x1024.jpg\" width=\"500\" /></p>\r\n\r\n<p style=\"text-align:center\"><img alt=\"\" height=\"600\" src=\"/ckfinder/userfiles/images/Product/Product3/gfw009488den__1__0edad3a069344badb0f2b67b3a9493f5_1024x1024.jpg\" width=\"600\" /></p>\r\n\r\n<p style=\"text-align:center\"><img alt=\"\" height=\"600\" src=\"/ckfinder/userfiles/images/Product/Product3/gfw009488den__4__7c73ff5d326243e9afe371707d8627fc_1024x1024.jpg\" width=\"600\" /></p>\r\n\r\n<p>&nbsp;</p>', NULL, NULL, '2020-06-11 20:33:26', '2020-07-09 00:48:16'),
(67, 'Giày Cao Gót Da Thật Nữ Gosto Work Chic GFW007988DEN (Đen)', 'giay-cao-got-da-that-nu-gosto-work-chic-gfw007988den-den', 'uploads/product/1591958168_gfw007988den__3__cce23307d9cc45d8ba6be2b02a788496_1024x1024.jpg', 5, 899000, 849000, 3, 1, 1, 0, 25, 'bitis.vn', 'GFW007988DEN35', 10, 5, '- Chiều cao: 7cm\r\n- Chất liệu quai: Da thật\r\n- Chất liệu đế: Nhựa', '<p style=\"text-align:center\"><img alt=\"\" height=\"450\" src=\"/ckfinder/userfiles/images/Product/Product3/gfw008088den__2__1024x1024.jpg\" width=\"450\" /></p>\r\n\r\n<p style=\"text-align:center\"><img alt=\"\" height=\"450\" src=\"/ckfinder/userfiles/images/Product/Product3/gfw008088den__3__1024x1024.jpg\" width=\"450\" /></p>\r\n\r\n<p style=\"text-align:center\"><img alt=\"\" height=\"600\" src=\"/ckfinder/userfiles/images/Product/Product3/gfw008088den__1__1024x1024.jpg\" width=\"600\" /></p>\r\n\r\n<p>&nbsp;</p>', NULL, NULL, '2020-06-11 20:36:08', '2020-07-09 00:38:34'),
(68, 'Giày Cao Gót Da Thật Nữ Gosto Welcome Back Spring GFW011388DEN (Đen)', 'giay-cao-got-da-that-nu-gosto-welcome-back-spring-gfw011388den-den', 'uploads/product/1591958310_gfw011388den__5__05387d5520d44cb4a7b8e990b886a772_1024x1024.jpg', 8, 1200000, 1099000, 4, 1, 1, 0, 25, 'bitis.vn', 'GFW011388DEN40', 10, 5, 'Chưa có tóm tắt cho sản phẩm này', '<p style=\"text-align:center\"><img alt=\"\" height=\"600\" src=\"/ckfinder/userfiles/images/Product/Product3/gfw011388den__1__14ea440b1c3c4ba08127fd1c686cc091_1024x1024.webp\" width=\"600\" /></p>', NULL, NULL, '2020-06-11 20:38:30', '2020-07-09 00:33:45'),
(69, 'Giày Cao Gót Da Thật Nữ Gosto High Knit 1.0 GFW007688XNG (Xanh Ngọc)', 'giay-cao-got-da-that-nu-gosto-high-knit-10-gfw007688xng-xanh-ngoc', 'uploads/product/1591958426_gfw007688xng__3__d6f0e459c62e41fd9a3d0fdd44bbf5a2_1024x1024.jpg', 8, 849000, 599000, 5, 1, 1, 0, 25, 'bitis.vn', 'GFW007688XNG36', 10, 5, '- Chiều cao: 7cm\r\n- Chất liệu quai: Da thật\r\n- Chất liệu đế: Nhựa', '<p style=\"text-align:center\"><img alt=\"\" height=\"600\" src=\"/ckfinder/userfiles/images/Product/Product3/a-mau_38_4__1024x1024.jpg\" width=\"600\" /></p>\r\n\r\n<p style=\"text-align:center\"><img alt=\"\" height=\"600\" src=\"/ckfinder/userfiles/images/Product/Product3/a-mau_38_5__1024x1024.jpg\" width=\"600\" /></p>\r\n\r\n<p>&nbsp;</p>', NULL, NULL, '2020-06-11 20:40:26', '2020-11-17 20:31:07'),
(70, 'Giày Cao Gót Da Thật Nữ New Audrey GFW012988KEM (Kem)', 'giay-cao-got-da-that-nu-new-audrey-gfw012988kem-kem', 'uploads/product/1591958548_gfw012988kem__5__8c6b34d972fd436983b6eba9a946de19_1024x1024.webp', 11, 899000, 849000, 7, 1, 1, 0, 25, 'bitis.vn', 'GFW012988KEM35', 10, 5, 'Chưa có tóm tắt cho sản phẩm này', '<p style=\"text-align:center\"><img alt=\"\" height=\"600\" src=\"/ckfinder/userfiles/images/Product/Product2/gfw012988kem__1__691ce6ad8c1d46e48a33143d098d2bbe_1024x1024.webp\" width=\"600\" /></p>', NULL, NULL, '2020-06-11 20:42:28', '2020-07-09 00:28:02'),
(71, 'ADIDAS YEEZY 350 V2 EARTH (NÂU ĐẤT) NAM 1:1', 'adidas-yeezy-350-v2-earth-nau-dat-nam-11', 'uploads/product/1591958746_adidas-yeezy-350-v2-earth-nau-dat-nam-nu-1-1.jpg', 12, 1200000, 1100000, 1, 1, 1, 0, 23, 'adidas.com', 'YZ64', 7, 6, 'Chưa có tóm tắt', '<h3>ADIDAS YEEZY 350 V2 EARTH (N&Acirc;U ĐẤT) NAM NỮ 1:1</h3>\r\n\r\n<p><img alt=\"Adidas Yeezy 350 V2 Earth (Nâu Đất) Nam Nữ 1:1\" src=\"https://giaygiare.vn/upload/images/adidas-yeezy-350-v2-earth-nau-dat-nam-nu-1-1.jpg\" style=\"height:1260px; width:1260px\" /><img alt=\"Adidas Yeezy 350 V2 Earth (Nâu Đất) Nam Nữ 1:1\" src=\"https://giaygiare.vn/upload/images/adidas-yeezy-350-v2-earth-nau-dat-nam-nu-1-1-1.jpg\" style=\"height:1260px; width:1260px\" /><img alt=\"Adidas Yeezy 350 V2 Earth (Nâu Đất) Nam Nữ 1:1\" src=\"https://giaygiare.vn/upload/images/adidas-yeezy-350-v2-earth-nau-dat-nam-nu-1-1-2.jpg\" style=\"height:1260px; width:1260px\" /><img alt=\"Adidas Yeezy 350 V2 Earth (Nâu Đất) Nam Nữ 1:1\" src=\"https://giaygiare.vn/upload/images/adidas-yeezy-350-v2-earth-nau-dat-nam-nu-1-1-3.jpg\" style=\"height:1260px; width:1260px\" /><img alt=\"Adidas Yeezy 350 V2 Earth (Nâu Đất) Nam Nữ 1:1\" src=\"https://giaygiare.vn/upload/images/adidas-yeezy-350-v2-earth-nau-dat-nam-nu-1-1-4.jpg\" style=\"height:1260px; width:1260px\" /><img alt=\"Adidas Yeezy 350 V2 Earth (Nâu Đất) Nam Nữ 1:1\" src=\"https://giaygiare.vn/upload/images/adidas-yeezy-350-v2-earth-nau-dat-nam-nu-1-1-5.jpg\" style=\"height:1260px; width:1260px\" /><img alt=\"Adidas Yeezy 350 V2 Earth (Nâu Đất) Nam Nữ 1:1\" src=\"https://giaygiare.vn/upload/images/adidas-yeezy-350-v2-earth-nau-dat-nam-nu-1-1-6.jpg\" style=\"height:905px; width:1242px\" /><img alt=\"Adidas Yeezy 350 V2 Earth (Nâu Đất) Nam Nữ 1:1\" src=\"https://giaygiare.vn/upload/images/adidas-yeezy-350-v2-earth-nau-dat-nam-nu-1-1-7.jpg\" style=\"height:862px; width:1242px\" /></p>', NULL, NULL, '2020-06-11 20:45:46', '2020-06-26 19:20:03'),
(72, 'Dép Xốp Bé Trai Biti\'s Spiderman DXB125411DOO (Đỏ)*', 'dep-xop-be-trai-bitis-spiderman-dxb125411doo-do', 'uploads/product/1591958933_dxb125411doo__3__530fb7e6f1dd4cdd9959c8b34466bb41_1024x1024.webp', 20, 200000, 179000, 4, 1, 1, 0, 29, 'bitis.vn', 'DXB125411DOO28', 4, 5, 'Chưa có tóm tắt cho sản phẩm này', '<p style=\"text-align:center\"><img alt=\"\" height=\"600\" src=\"/ckfinder/userfiles/images/Product/Product2/dxb125411doo__6__df95bfc1ba7540f38aae793cfd6d9dbf_1024x1024.webp\" width=\"600\" /></p>\r\n\r\n<p style=\"text-align:center\"><img alt=\"\" height=\"600\" src=\"/ckfinder/userfiles/images/Product/Product2/dxb125411doo__2__62e19ece4e734a1d91d0e45bc827bf63_1024x1024.webp\" width=\"600\" /></p>\r\n\r\n<p>&nbsp;</p>', NULL, NULL, '2020-06-11 20:48:53', '2020-07-09 00:24:56'),
(73, 'Dép Xốp Bé Trai Biti\'s Batman DXB125799DEN (Đen)*', 'dep-xop-be-trai-bitis-batman-dxb125799den-den', 'uploads/product/1591959037_dxb125799den__2__434ce4f56c8942668e69cdcd7d521ef7_1024x1024.webp', 9, 200000, 175000, 5, 1, 1, 0, 29, 'bitis.vn', 'DXB125799DEN28', 4, 5, 'Chưa có tóm tắt', '<p style=\"text-align:center\"><img alt=\"\" height=\"600\" src=\"/ckfinder/userfiles/images/Product/Product2/dxb125799den__6__4c87e4b65b4a418d9e96e71c8aeacfe8_1024x1024.jpg\" width=\"600\" /></p>\r\n\r\n<p style=\"text-align:center\"><img alt=\"\" height=\"600\" src=\"/ckfinder/userfiles/images/Product/Product2/dxb125799den__5__a077600e76dd4f848e5af505f12aeaf9_1024x1024.jpg\" width=\"600\" /></p>\r\n\r\n<p>&nbsp;</p>', NULL, NULL, '2020-06-11 20:50:37', '2020-07-09 00:23:35'),
(74, 'Dép Xốp Bé Trai Biti\'s Doraemon DXB125622CAM (Cam)*', 'dep-xop-be-trai-bitis-doraemon-dxb125622cam-cam', 'uploads/product/1591959169_dxb125622cam__5__269f68e84d2c4385a33cc562ad33f6b9_1024x1024.jpg', 13, 150000, 125000, 7, 1, 1, 0, 29, 'bitis.vn', 'DXB125622CAM24', 4, 5, 'Chưa có tóm tắt', '<p style=\"text-align:center\"><img alt=\"\" height=\"450\" src=\"/ckfinder/userfiles/images/Product/Product2/dxb125622cam__1__4f46bacb030b487ea5342e7e4ccd536e_1024x1024.webp\" width=\"450\" /></p>', NULL, NULL, '2020-06-11 20:52:49', '2020-07-09 00:22:05'),
(75, 'Dép Xốp Bé Gái Biti\'s Doraemon DXG001322DOO (Đỏ)*', 'dep-xop-be-gai-bitis-doraemon-dxg001322doo-do', 'uploads/product/1591959316_dxg001322doo__5__6246bfae1f0f4c17a6a6b49a7b1c69f9_1024x1024.webp', 18, 150000, 135000, 1, 1, 1, 0, 33, 'bitis.vn', 'DXG001322DOO28', 4, 5, 'Chưa có tóm tắt cho sản phẩm này', '<p style=\"text-align:center\"><img alt=\"\" height=\"600\" src=\"/ckfinder/userfiles/images/Product/Product2/dxg001322doo__1__ef5d4c3e49544d7eb7bd94c882a105fb_1024x1024.jpg\" width=\"600\" /></p>\r\n\r\n<p style=\"text-align:center\"><img alt=\"\" height=\"600\" src=\"/ckfinder/userfiles/images/Product/Product2/dxg001322doo__4__6ad2f69edd99471da4c7708d13e340ae_1024x1024.jpg\" width=\"600\" /></p>\r\n\r\n<p>&nbsp;</p>', NULL, NULL, '2020-06-11 20:55:16', '2020-07-09 00:19:12'),
(76, 'Dép Lào Bé Gái Biti\'s SLG010400HOG (Hồng)*', 'dep-lao-be-gai-bitis-slg010400hog-hong', 'uploads/product/1591959631_slg010400hog__5__e702a47fec854c6fafc59826d0ad15ea_1024x1024.jpg', 20, 70000, 57000, 1, 1, 1, 0, 33, 'bitis.vn', 'SLG010400HOG29', 4, 5, 'Chưa có tóm tắt', '<p style=\"text-align:center\"><img alt=\"\" height=\"600\" src=\"/ckfinder/userfiles/images/Product/Product2/slg010400hog__1__b3e1e4541a374150a37cbb8dc6c74711_1024x1024.webp\" width=\"600\" /></p>\r\n\r\n<p style=\"text-align:center\"><img alt=\"\" height=\"600\" src=\"/ckfinder/userfiles/images/Product/Product2/slg010400hog__4__4d3e9701e75c4354ba712997d11339fa_1024x1024.webp\" width=\"600\" /></p>\r\n\r\n<p>&nbsp;</p>', NULL, NULL, '2020-06-11 21:00:31', '2020-07-09 00:17:02'),
(81, 'Giày Thể Thao Nam Bit\'s Hunter Core DSMH02700TRG (Trắng)', 'giay-the-thao-nam-bits-hunter-core-dsmh02700trg-trang', 'uploads/product/1594349527_02700trg__2__b55d2340498c46749e42926109faffa7_1024x1024.webp', 7, 700000, 650000, 1, 1, 1, 0, 15, 'bitis.vn', 'Bitis1123', 4, 5, 'Chưa có tóm tắt', '<p>M&ocirc; tả sản phẩm</p>\r\n\r\n<p style=\"text-align:center\"><img alt=\"\" height=\"600\" src=\"/ckfinder/userfiles/images/Product/02700trg__5__93c0c5baac9d46428d7a1b3de551515f_1024x1024.webp\" width=\"600\" /></p>\r\n\r\n<p style=\"text-align:center\"><img alt=\"\" height=\"600\" src=\"/ckfinder/userfiles/images/Product/02700trg__6__4d19c38ba95f467590e77f996f9c77ad_1024x1024.webp\" width=\"600\" /></p>\r\n\r\n<p style=\"text-align:center\"><img alt=\"\" height=\"600\" src=\"/ckfinder/userfiles/images/Product/02700trg__4__a68f8548d4944cd2a403d8529950c8b8_1024x1024.webp\" width=\"600\" /></p>\r\n\r\n<p>&nbsp;</p>', NULL, NULL, '2020-07-09 12:52:07', '2020-07-09 12:52:07'),
(82, 'Giày Thể Thao Nữ Biti\'s Hunter X BKL - Midnight Black Inverted DSWH02302DEN (Đen)', 'giay-the-thao-nu-bitis-hunter-x-bkl-midnight-black-inverted-dswh02302den-den', 'uploads/product/1594349748_0688_965b9a9d0b19435da9a28c402ccd71e2_1024x1024.webp', 10, 929000, 789000, 1, 1, 1, 0, 16, 'bitis.vn', 'DSWH02302DEN35', 4, 5, 'Chưa có tóm tắt', '<p>M&ocirc; tả sản phẩm</p>\r\n\r\n<p style=\"text-align:center\"><img alt=\"\" height=\"600\" src=\"/ckfinder/userfiles/images/Product/02302den__1__ce699f5695f64ec1968223ff851318dd_1024x1024.webp\" width=\"600\" /></p>\r\n\r\n<p style=\"text-align:center\"><img alt=\"\" height=\"600\" src=\"/ckfinder/userfiles/images/Product/02302den__3__ee7fbeae39734f6fa554822acd17cf2d_1024x1024.webp\" width=\"600\" /></p>\r\n\r\n<p style=\"text-align:center\"><img alt=\"\" height=\"600\" src=\"/ckfinder/userfiles/images/Product/02302den__4__817ef04906164cce9a2716bcd55d24af_1024x1024.jpg\" width=\"600\" /></p>\r\n\r\n<p>&nbsp;</p>', NULL, NULL, '2020-07-09 12:55:48', '2020-07-09 12:55:48'),
(83, 'Giày Thể Thao Nữ Biti\'s Hunter Street #DNA OG DSWH02502DOO - Đồng sáng tạo cùng Vietmax*', 'giay-the-thao-nu-bitis-hunter-street-dna-og-dswh02502doo-dong-sang-tao-cung-vietmax', 'uploads/product/1594349961_dsc_0029_4f84f608ca2a4a09b73e38f85bf27d4e_1024x1024.webp', 11, 699000, 594000, 1, 1, 1, 0, 16, 'bitis.vn', 'DSWH02502DOO36', 4, 5, 'Chưa có tóm tắt', '<p>M&ocirc; tả sản phẩm</p>\r\n\r\n<p style=\"text-align:center\"><img alt=\"\" height=\"600\" src=\"/ckfinder/userfiles/images/Product/dsc_0032_583ed0bc71924c0fb72a3935e609bafd_1024x1024.jpg\" width=\"600\" /></p>\r\n\r\n<p style=\"text-align:center\"><img alt=\"\" height=\"600\" src=\"/ckfinder/userfiles/images/Product/dsc_0035_40dae8370dad4ed6baf1c56f52969b97_1024x1024.jpg\" width=\"600\" /></p>', NULL, NULL, '2020-07-09 12:59:21', '2020-07-09 12:59:21'),
(84, 'Giày Thể Thao Cao Cấp Nữ Biti\'s Hunter Layered Upper DSWH02800KEM (Kem)', 'giay-the-thao-cao-cap-nu-bitis-hunter-layered-upper-dswh02800kem-kem', 'uploads/product/1594350257_dsmh02800kem_5__edc572dbdd6e402da4e48369f73ee10c_1024x1024.webp', 12, 900000, 829000, 1, 1, 1, 0, 16, 'bitis.vn', 'DSWH02800KEM35', 4, 5, 'Chưa có tóm tắt', '<p>M&ocirc; tả sản phẩm</p>\r\n\r\n<p style=\"text-align:center\"><img alt=\"\" height=\"600\" src=\"/ckfinder/userfiles/images/Product/dsmh02800kem_2__4f31762a734e4a02b37d2eca4c5f2c22_1024x1024.webp\" width=\"600\" /></p>\r\n\r\n<p style=\"text-align:center\"><img alt=\"\" height=\"600\" src=\"/ckfinder/userfiles/images/Product/dsmh02800kem_1__d87f2cba92054b86b4a98d9866c42815_1024x1024.webp\" width=\"600\" /></p>\r\n\r\n<p style=\"text-align:center\"><img alt=\"\" height=\"600\" src=\"/ckfinder/userfiles/images/Product/dsmh02800kem_3__759046cf38ee40f1827b14d2062523b2_1024x1024.webp\" width=\"600\" /></p>\r\n\r\n<p>&nbsp;</p>', NULL, NULL, '2020-07-09 13:04:17', '2020-07-09 13:04:17'),
(85, 'NIKE AIR FORCE 1 SHADOW \'PALE IVORY\' NỮ', 'nike-air-force-1-shadow-pale-ivory-nu', 'uploads/product/1594350648_air-force-1-shadow-pale-ivory-nu.jpg', 5, 1200000, 900000, 1, 1, 1, 0, 16, 'nike.vn', 'AF116', 8, 6, 'Trạng thái : Còn hàng\r\nTình trạng : Hàng mới 100%\r\nGiao hàng & Thanh toán : Giao hàng trên toàn quốc và thanh toán khi nhận hàng', '<h3>NIKE AIR FORCE 1 SHADOW &#39;PALE IVORY&#39; NỮ</h3>\r\n\r\n<p style=\"text-align:center\"><img alt=\"\" height=\"450\" src=\"/ckfinder/userfiles/images/Product/air-force-1-shadow-pale-ivory-nu-4.jpg\" width=\"600\" /></p>\r\n\r\n<p style=\"text-align:center\"><img alt=\"\" height=\"475\" src=\"/ckfinder/userfiles/images/Product/air-force-1-shadow-pale-ivory-nu-5.jpg\" width=\"600\" /></p>\r\n\r\n<p style=\"text-align:center\"><img alt=\"\" height=\"495\" src=\"/ckfinder/userfiles/images/Product/air-force-1-shadow-pale-ivory-nu-7.jpg\" width=\"600\" /></p>\r\n\r\n<p style=\"text-align:center\"><img alt=\"\" height=\"476\" src=\"/ckfinder/userfiles/images/Product/air-force-1-shadow-pale-ivory-nu-6.jpg\" width=\"600\" /></p>\r\n\r\n<p style=\"text-align:center\"><img alt=\"\" height=\"463\" src=\"/ckfinder/userfiles/images/Product/air-force-1-shadow-pale-ivory-nu-9.jpg\" width=\"600\" /></p>\r\n\r\n<p style=\"text-align:center\"><img alt=\"\" height=\"460\" src=\"/ckfinder/userfiles/images/Product/air-force-1-shadow-pale-ivory-nu-11.jpg\" width=\"600\" /></p>\r\n\r\n<p>&nbsp;</p>', NULL, NULL, '2020-07-09 13:10:48', '2020-07-09 13:10:48'),
(86, 'NIKE M2K TRẮNG XANH CAM', 'nike-m2k-trang-xanh-cam', 'uploads/product/1594350931_nike-m2k-trang-xanh-cam-nam-nike-m2k-trang-xanh-cam.jpg', 9, 950000, 800000, 1, 1, 1, 0, 15, 'nike.vn', 'M2K2', 8, 6, 'Chưa có tóm tắt', '<h3>NIKE M2K TRẮNG XANH CAM</h3>\r\n\r\n<p style=\"text-align:center\"><img alt=\"\" height=\"450\" src=\"/ckfinder/userfiles/images/Product/nike-m2k-trang-xanh-cam-nam-nike-m2k-trang-xanh-cam%20(1).jpg\" width=\"600\" /></p>\r\n\r\n<p style=\"text-align:center\"><img alt=\"\" height=\"450\" src=\"/ckfinder/userfiles/images/Product/nike-m2k-trang-xanh-cam-nam-nike-m2k-trang-xanh-cam-1.jpg\" width=\"600\" /></p>\r\n\r\n<p style=\"text-align:center\"><img alt=\"\" height=\"450\" src=\"/ckfinder/userfiles/images/Product/nike-m2k-trang-xanh-cam-nam-nike-m2k-trang-xanh-cam-2.jpg\" width=\"600\" /></p>\r\n\r\n<p style=\"text-align:center\"><img alt=\"\" height=\"450\" src=\"/ckfinder/userfiles/images/Product/nike-m2k-trang-xanh-cam-nam-nike-m2k-trang-xanh-cam-4.jpg\" width=\"600\" /></p>\r\n\r\n<p style=\"text-align:center\"><img alt=\"\" height=\"450\" src=\"/ckfinder/userfiles/images/Product/nike-m2k-trang-xanh-cam-nam-nike-m2k-trang-xanh-cam-5.jpg\" width=\"600\" /></p>\r\n\r\n<p>&nbsp;</p>', NULL, NULL, '2020-07-09 13:15:31', '2020-07-09 13:15:31'),
(87, 'NIKE AIR MAX 270 X SUPREME RED - ĐỎ NAM, NỮ', 'nike-air-max-270-x-supreme-red-do-nam-nu', 'uploads/product/1594351255_nike-air-max-270-x-supreme-red-do-nam-nu.jpg', 13, 1000000, 850000, 1, 1, 1, 0, 15, 'nike.vn', 'AM2708', 8, 6, 'Chưa có tóm tắt', '<h3>NIKE AIR MAX 270 X SUPREME RED - ĐỎ NAM</h3>\r\n\r\n<p style=\"text-align:center\"><img alt=\"\" height=\"371\" src=\"/ckfinder/userfiles/images/Product/nike-air-max-270-x-supreme-red-do-nam-nu%20(1).jpg\" width=\"600\" /></p>\r\n\r\n<p style=\"text-align:center\"><img alt=\"\" height=\"478\" src=\"/ckfinder/userfiles/images/Product/nike-air-max-270-x-supreme-red-do-nam-nu-1.jpg\" width=\"600\" /></p>\r\n\r\n<p style=\"text-align:center\"><img alt=\"\" height=\"503\" src=\"/ckfinder/userfiles/images/Product/nike-air-max-270-x-supreme-red-do-nam-nu-2.jpg\" width=\"600\" /></p>\r\n\r\n<p style=\"text-align:center\"><img alt=\"\" height=\"514\" src=\"/ckfinder/userfiles/images/Product/nike-air-max-270-x-supreme-red-do-nam-nu-4.jpg\" width=\"600\" /></p>\r\n\r\n<p style=\"text-align:center\"><img alt=\"\" height=\"439\" src=\"/ckfinder/userfiles/images/Product/nike-air-max-270-x-supreme-red-do-nam-nu-5.jpg\" width=\"600\" /></p>\r\n\r\n<p>&nbsp;</p>', NULL, NULL, '2020-07-09 13:20:55', '2020-07-09 13:20:55'),
(88, 'NIKE AIR MORE UPTEMPO 96 ĐEN XÁM TRẮNG NAM', 'nike-air-more-uptempo-96-den-xam-trang-nam', 'uploads/product/1594351521_nike-air-more-uptempo-96-den-xam-trang-nam-nu.jpg', 8, 1200000, 800000, 1, 1, 1, 0, 15, 'nike.vn', 'UP6', 8, 6, 'Chưa có tóm tắt', '<h3>NIKE AIR MORE UPTEMPO 96 ĐEN X&Aacute;M TRẮNG NAM</h3>\r\n\r\n<p style=\"text-align:center\"><img alt=\"\" height=\"459\" src=\"/ckfinder/userfiles/images/Product/nike-air-more-uptempo-96-den-xam-trang-nam-nu%20(1).jpg\" width=\"600\" /></p>\r\n\r\n<p style=\"text-align:center\"><img alt=\"\" height=\"434\" src=\"/ckfinder/userfiles/images/Product/nike-air-more-uptempo-96-den-xam-trang-nam-nu-4.jpg\" width=\"600\" /></p>\r\n\r\n<p style=\"text-align:center\"><img alt=\"\" height=\"470\" src=\"/ckfinder/userfiles/images/Product/nike-air-more-uptempo-96-den-xam-trang-nam-nu-2.jpg\" width=\"600\" /></p>\r\n\r\n<p style=\"text-align:center\"><img alt=\"\" height=\"450\" src=\"/ckfinder/userfiles/images/Product/nike-air-more-uptempo-96-den-xam-trang-nam-nu-5.jpg\" width=\"600\" /></p>\r\n\r\n<p style=\"text-align:center\"><img alt=\"\" height=\"470\" src=\"/ckfinder/userfiles/images/Product/nike-air-more-uptempo-96-den-xam-trang-nam-nu-6.jpg\" width=\"600\" /></p>\r\n\r\n<p>&nbsp;</p>', NULL, NULL, '2020-07-09 13:25:21', '2020-07-09 13:25:21'),
(89, 'NIKE PEGASUS TURBO XANH NGỌC NAM', 'nike-pegasus-turbo-xanh-ngoc-nam', 'uploads/product/1594351860_nike-pegasus-turbo-xanh-ngoc-nam-nu.jpg', 11, 850000, 750000, 1, 1, 1, 0, 15, 'nike.vn', 'TB6', 8, 6, 'Chưa có tóm tắt', '<h3>NIKE PEGASUS TURBO XANH NGỌC NAM</h3>\r\n\r\n<p style=\"text-align:center\"><img alt=\"\" height=\"478\" src=\"/ckfinder/userfiles/images/Product/nike-pegasus-turbo-xanh-ngoc-nam-nu%20(1).jpg\" width=\"600\" /></p>\r\n\r\n<p style=\"text-align:center\"><img alt=\"\" height=\"467\" src=\"/ckfinder/userfiles/images/Product/nike-pegasus-turbo-xanh-ngoc-nam-nu-2.jpg\" width=\"600\" /></p>\r\n\r\n<p style=\"text-align:center\"><img alt=\"\" height=\"450\" src=\"/ckfinder/userfiles/images/Product/nike-pegasus-turbo-xanh-ngoc-nam-nu-3.jpg\" width=\"600\" /></p>\r\n\r\n<p style=\"text-align:center\"><img alt=\"\" height=\"444\" src=\"/ckfinder/userfiles/images/Product/nike-pegasus-turbo-xanh-ngoc-nam-nu-7.jpg\" width=\"600\" /></p>\r\n\r\n<p>&nbsp;</p>', NULL, NULL, '2020-07-09 13:31:00', '2020-07-09 13:31:00'),
(90, 'NIKE AIR FORCE 1 X G-DRAGON PARA NOISE 1:1', 'nike-air-force-1-x-g-dragon-para-noise-11', 'uploads/product/1594352312_nike-air-force-1-para-noise-x-peaceminusone.jpg', 13, 1500000, 1250000, 1, 1, 1, 0, 15, 'nike.vn', 'AF118', 8, 6, 'Chưa có tóm tắt', '<h3>NIKE AIR FORCE 1 X G-DRAGON PARA NOISE 1:1</h3>\r\n\r\n<p style=\"text-align:center\"><img alt=\"\" height=\"383\" src=\"/ckfinder/userfiles/images/Product/nike-air-force-1-x-g-dragon-para-noise-1-1.jpg\" width=\"500\" /></p>\r\n\r\n<p style=\"text-align:center\"><img alt=\"\" height=\"404\" src=\"/ckfinder/userfiles/images/Product/nike-air-force-1-x-g-dragon-para-noise-1-1-3.jpg\" width=\"500\" /></p>\r\n\r\n<p style=\"text-align:center\"><img alt=\"\" height=\"409\" src=\"/ckfinder/userfiles/images/Product/nike-air-force-1-x-g-dragon-para-noise-1-1-5.jpg\" width=\"500\" /></p>\r\n\r\n<p style=\"text-align:center\"><img alt=\"\" height=\"385\" src=\"/ckfinder/userfiles/images/Product/nike-air-force-1-x-g-dragon-para-noise-1-1-7.jpg\" width=\"500\" /></p>\r\n\r\n<p style=\"text-align:center\"><img alt=\"\" height=\"401\" src=\"/ckfinder/userfiles/images/Product/nike-air-force-1-x-g-dragon-para-noise-1-1-8.jpg\" width=\"500\" /></p>\r\n\r\n<p style=\"text-align:center\"><img alt=\"\" height=\"375\" src=\"/ckfinder/userfiles/images/Product/nike-air-force-1-x-g-dragon-para-noise-1-1-11.jpg\" width=\"500\" /></p>\r\n\r\n<p>&nbsp;</p>', NULL, NULL, '2020-07-09 13:38:32', '2020-07-09 13:38:32'),
(91, 'ADIDAS ULTRA BOOST 20 CREAM ORANGE PATTERN LOGO', 'adidas-ultra-boost-20-cream-orange-pattern-logo', 'uploads/product/1594352818_adidas-ultra-boost-20-cream-orange-pattern-logo.jpg', 8, 1550000, 1250000, 1, 1, 1, 0, 15, 'adidas.com', 'UTB49', 7, 6, 'Chưa có tóm tắt', '<h3>ADIDAS ULTRA BOOST 20 CREAM ORANGE PATTERN LOGO</h3>\r\n\r\n<p style=\"text-align:center\"><img alt=\"\" height=\"375\" src=\"/ckfinder/userfiles/images/Product/adidas-ultra-boost-20-cream-orange-pattern-logo%20(1).jpg\" width=\"500\" /></p>\r\n\r\n<p style=\"text-align:center\"><img alt=\"\" height=\"375\" src=\"/ckfinder/userfiles/images/Product/adidas-ultra-boost-20-cream-orange-pattern-logo-1.jpg\" width=\"500\" /></p>\r\n\r\n<p style=\"text-align:center\"><img alt=\"\" height=\"375\" src=\"/ckfinder/userfiles/images/Product/adidas-ultra-boost-20-cream-orange-pattern-logo-5.jpg\" width=\"500\" /></p>\r\n\r\n<p style=\"text-align:center\"><img alt=\"\" height=\"375\" src=\"/ckfinder/userfiles/images/Product/adidas-ultra-boost-20-cream-orange-pattern-logo-8.jpg\" width=\"500\" /></p>\r\n\r\n<p style=\"text-align:center\"><img alt=\"\" height=\"375\" src=\"/ckfinder/userfiles/images/Product/adidas-ultra-boost-20-cream-orange-pattern-logo-9.jpg\" width=\"500\" /></p>\r\n\r\n<p>&nbsp;</p>', NULL, NULL, '2020-07-09 13:46:58', '2020-07-09 13:46:58'),
(92, 'ADIDAS ULTRA BOOST 4.0 BLACK ORANGE 1:1', 'adidas-ultra-boost-40-black-orange-11', 'uploads/product/1594353131_adidas-ultra-boost-4-0-black-orange-1-1.jpg', 8, 1200000, 1000000, 1, 1, 1, 0, 15, 'adidas.com', 'UTB51', 7, 6, 'Chưa có tóm tắt', '<h3>ADIDAS ULTRA BOOST 4.0 BLACK ORANGE 1:1</h3>\r\n\r\n<p style=\"text-align:center\"><img alt=\"\" height=\"500\" src=\"/ckfinder/userfiles/images/Product/adidas-ultra-boost-4-0-black-orange-1-1%20(1).jpg\" width=\"500\" /></p>\r\n\r\n<p style=\"text-align:center\"><img alt=\"\" height=\"500\" src=\"/ckfinder/userfiles/images/Product/adidas-ultra-boost-4-0-black-orange-1-1-1.jpg\" width=\"500\" /></p>\r\n\r\n<p style=\"text-align:center\"><img alt=\"\" height=\"500\" src=\"/ckfinder/userfiles/images/Product/adidas-ultra-boost-4-0-black-orange-1-1-2.jpg\" width=\"500\" /></p>\r\n\r\n<p style=\"text-align:center\"><img alt=\"\" height=\"500\" src=\"/ckfinder/userfiles/images/Product/adidas-ultra-boost-4-0-black-orange-1-1-4.jpg\" width=\"500\" /></p>\r\n\r\n<p style=\"text-align:center\"><img alt=\"\" height=\"500\" src=\"/ckfinder/userfiles/images/Product/adidas-ultra-boost-4-0-black-orange-1-1-7.jpg\" width=\"500\" /></p>\r\n\r\n<p>&nbsp;</p>', NULL, NULL, '2020-07-09 13:52:11', '2020-07-09 13:52:11'),
(93, 'Sandal Eva Phun Bé Trai Biti\'s DEB005400XAM (Xám)*', 'sandal-eva-phun-be-trai-bitis-deb005400xam-xam', 'uploads/product/1594353556_deb005400xam__3__162ec0b1576e4ead9217aba8a5fe5c50_1024x1024.webp', 11, 260000, 245000, 1, 1, 1, 0, 18, 'bitis.vn', 'DEB005400XAM28', 4, 5, 'Chưa có tóm tắt', '<p>M&ocirc; tả</p>\r\n\r\n<p style=\"text-align:center\"><img alt=\"\" height=\"500\" src=\"/ckfinder/userfiles/images/Product/deb005400xam__4__fbf48d51b0b9475eb083b6248105adf5_1024x1024.webp\" width=\"500\" /></p>\r\n\r\n<p style=\"text-align:center\"><img alt=\"\" height=\"500\" src=\"/ckfinder/userfiles/images/Product/deb005400xam__2__80f15ef3d0f84dd98e946e467aa50dcd_1024x1024.webp\" width=\"500\" /></p>\r\n\r\n<p style=\"text-align:center\"><img alt=\"\" height=\"500\" src=\"/ckfinder/userfiles/images/Product/deb005400xam__5__46069860efe44822914e9a9ebda3d939_1024x1024.webp\" width=\"500\" /></p>\r\n\r\n<p>&nbsp;</p>', NULL, NULL, '2020-07-09 13:59:16', '2020-07-09 13:59:16'),
(94, 'Giày Thể Thao Si Bé Gái Biti\'s DSB122788TRG (Trắng)', 'bitis.vn', 'uploads/product/1594437090_dsc_0565_1024x1024.webp', 12, 260000, 240000, 1, 1, 1, 0, 32, 'bitis.vn', 'DSB122788TRG28', 4, 5, 'Chưa có tóm tắt', '<p>Gi&agrave;y Thể Thao Si B&eacute; G&aacute;i DSB122788TRG (Trắng)</p>\r\n\r\n<p style=\"text-align:center\"><img alt=\"\" height=\"500\" src=\"/ckfinder/userfiles/images/Product/dsc_0568_1024x1024.webp\" width=\"500\" /></p>\r\n\r\n<p style=\"text-align:center\"><img alt=\"\" height=\"500\" src=\"/ckfinder/userfiles/images/Product/dsc_0569_1024x1024.webp\" width=\"500\" /></p>\r\n\r\n<p style=\"text-align:center\"><img alt=\"\" height=\"500\" src=\"/ckfinder/userfiles/images/Product/dsc_0567_1024x1024.webp\" width=\"500\" /></p>\r\n\r\n<p>&nbsp;</p>', NULL, NULL, '2020-07-10 13:11:30', '2020-07-23 15:41:31'),
(95, 'Giày Gucci Men\'s Shanghai Tropical Print Slip-On Sneakers, Màu Đen', 'giay-gucci-mens-shanghai-tropical-print-slip-on-sneakers-mau-den', 'uploads/product/1594437772_giay-gucci-men-s-shanghai-tropical-print-slip-on-sneakers-mau-den-5e1d7a496edda-14012020152233.jpg', 15, 7600000, 7200000, 1, 1, 1, 0, 15, 'gucci.com', 'h019535', 9, 5, 'Kiểu dáng: Giày Slip-On\r\nGiới tính: Nam\r\nMàu sắc: Đen', '<p><strong><a href=\"https://vuahanghieu.com/gucci/giay\">Gi&agrave;y Gucci</a>&nbsp;Men&#39;s Shanghai Tropical Print Slip-On Sneakers, M&agrave;u Đen</strong></p>\r\n\r\n<p><strong>Thiết kế năng động trẻ trung, v&ocirc; c&ugrave;ng s&agrave;nh điệu.<br />\r\nGi&agrave;y được l&agrave;m từ ch&acirc;t liệu da + cao su cao cấp, bền đẹp trong suốt thời gian sử dụng. M&agrave;u đen sang trọng dễ kết hợp với nhiều trang phục kh&aacute;c nhau để thay đổi phong c&aacute;ch bản th&acirc;n. Họa tiết của đ&ocirc;i gi&agrave;y cực kỳ độc đ&aacute;o v&agrave; s&aacute;ng tạo cuốn h&uacute;t người nh&igrave;n.</strong></p>\r\n\r\n<p><strong>Với Form d&aacute;ng &ocirc;m ch&acirc;n, slip on ph&ugrave; hợp với tất cả mọi người bởi sự tiện lợi, gọn nhẹ của n&oacute;, thể hiện c&aacute; t&iacute;nh của chủ nh&acirc;n, đ&acirc;y l&agrave; mẫu gi&agrave;y kh&ocirc;ng thể thiếu cho c&aacute;c t&iacute;n đồ thời trang nam.</strong></p>\r\n\r\n<p style=\"text-align:center\"><img alt=\"\" height=\"500\" src=\"/ckfinder/userfiles/images/Product/giay-gucci-men-s-shanghai-tropical-print-slip-on-sneakers-mau-den-5e1d7a4917508-14012020152233.jpg\" width=\"500\" /></p>\r\n\r\n<p style=\"text-align:center\"><img alt=\"\" height=\"500\" src=\"/ckfinder/userfiles/images/Product/giay-gucci-men-s-shanghai-tropical-print-slip-on-sneakers-mau-den-5e1d7a499f11c-14012020152233.jpg\" width=\"500\" /></p>\r\n\r\n<p>&nbsp;</p>', NULL, NULL, '2020-07-10 13:22:52', '2020-07-10 13:22:52'),
(96, 'Giày Thể Thao Nam Biti\'s Hunter Street #DNA OG DSMH02502DOO (Đỏ) - Đồng sáng tạo cùng Vietmax', 'giay-the-thao-nam-bitis-hunter-street-dna-og-dsmh02502doo-do-dong-sang-tao-cung-vietmax', 'uploads/product/1594438127_dsc_0029_38ea26fffa44412caa92556ffb1af706_1024x1024.webp', 20, 750000, 699000, 1, 1, 1, 0, 15, 'bitis.vn', 'DSMH02502DOO39', 4, 5, 'Chưa có tóm tắt', '<p>BITI&rsquo;S HUNTER STREET &ndash; CẢM HỨNG TỪ ĐƯỜNG PHỐ&nbsp;</p>\r\n\r\n<p>&nbsp;Với cảm hứng đầy tự h&agrave;o từ đường phố Việt Nam, Biti&rsquo;s Hunter Street l&agrave; d&ograve;ng sản phẩm mới nhất từ Biti&#39;s với c&ocirc;ng nghệ LiteTraction cho ph&eacute;p gi&agrave;y Biti&rsquo;s Hunter Street đạt đến độ nhẹ tối ưu 300g/chiếc đồng thời đạt độ ma s&aacute;t cao, vững chắc trong từng bước ch&acirc;n v&agrave; thiết kế cải tiến sử dụng Vải Canvas 10OZ c&ocirc;ng nghệ đan 2 sợi nhẹ tho&aacute;ng những vẫn bền chặt, giữ đ&uacute;ng form d&aacute;ng sau thời gian d&agrave;i sử dụng. Với những ưu điểm tr&ecirc;n, Biti&rsquo;s Hunter Street sẽ l&agrave; người bạn đồng h&agrave;nh si&ecirc;u bền bỉ cho bạn trong c&aacute;c trải nghiệm đường phố mỗi ng&agrave;y.</p>\r\n\r\n<p style=\"text-align:center\"><img alt=\"\" height=\"500\" src=\"/ckfinder/userfiles/images/Product/vietmax_do_vang_5_7c0361e6875840edb57b1635ee9f1c66_grande.webp\" width=\"500\" /></p>\r\n\r\n<p style=\"text-align:center\"><img alt=\"\" height=\"190\" src=\"/ckfinder/userfiles/images/Product/cover_cam_hung_duong_pho_1920a1106f1347029ad99c0e5723d856_grande.jpg\" width=\"500\" /></p>\r\n\r\n<p style=\"text-align:center\"><img alt=\"\" height=\"754\" src=\"/ckfinder/userfiles/images/Product/vietmax_do_vang_40d7ebd080b54a839fdb36c84dde6e9c_grande.jpg\" width=\"500\" /></p>\r\n\r\n<p>&nbsp;</p>', NULL, NULL, '2020-07-10 13:28:47', '2020-07-10 13:28:47'),
(97, 'BEN & JERRY\'S X NIKE SB DUNK LOW CHUNKY DUNKY', 'nike.vn', 'uploads/product/1594438658_ben-jerry-s-x-nike-sb-dunk-low-chunky-dunky.jpg', 12, 1450000, 0, 1, 1, 1, 0, 15, 'nike.vn', 'AF125', 8, 6, 'Chưa có tóm tắt', '<h3>BEN &amp; JERRY&#39;S X NIKE SB DUNK LOW CHUNKY DUNKY</h3>\r\n\r\n<p style=\"text-align:center\"><img alt=\"\" height=\"588\" src=\"/ckfinder/userfiles/images/Product/ben-jerry-s-x-nike-sb-dunk-low-chunky-dunky-2.jpg\" width=\"600\" /></p>\r\n\r\n<p style=\"text-align:center\"><img alt=\"\" height=\"462\" src=\"/ckfinder/userfiles/images/Product/ben-jerry-s-x-nike-sb-dunk-low-chunky-dunky-4.jpg\" width=\"600\" /></p>\r\n\r\n<p style=\"text-align:center\"><img alt=\"\" height=\"461\" src=\"/ckfinder/userfiles/images/Product/ben-jerry-s-x-nike-sb-dunk-low-chunky-dunky-6.jpg\" width=\"600\" /></p>\r\n\r\n<p style=\"text-align:center\"><img alt=\"\" height=\"462\" src=\"/ckfinder/userfiles/images/Product/ben-jerry-s-x-nike-sb-dunk-low-chunky-dunky-10.jpg\" width=\"600\" /></p>\r\n\r\n<p style=\"text-align:center\"><img alt=\"\" height=\"599\" src=\"/ckfinder/userfiles/images/Product/ben-jerry-s-x-nike-sb-dunk-low-chunky-dunky-1.jpg\" width=\"600\" /></p>\r\n\r\n<p>&nbsp;</p>', NULL, NULL, '2020-07-10 13:37:38', '2020-11-11 02:37:47'),
(98, 'Giày Thể Thao Nữ Biti\'s Hunter Street #DNA BnW DSWH02502TRG - Đồng sáng tạo cùng Vietmax', 'giay-the-thao-nu-bitis-hunter-street-dna-bnw-dswh02502trg-dong-sang-tao-cung-vietmax', 'uploads/product/1594440022_z1457043664609_c78af9d4561fbafd19983fb04f568800_dc409a0c6d394b2995795a8f1b14fc53_1024x1024.webp', 15, 750000, 699000, 1, 1, 1, 0, 16, 'bitis.vn', 'DSWH02502TRG35', 4, 5, 'Chưa có tóm tắt', '<p>BITI&rsquo;S HUNTER STREET &ndash; CẢM HỨNG TỪ ĐƯỜNG PHỐ&nbsp;</p>\r\n\r\n<p>Với cảm hứng đầy tự h&agrave;o từ đường phố Việt Nam, Biti&rsquo;s Hunter Street l&agrave; d&ograve;ng sản phẩm mới nhất từ Biti&#39;s với c&ocirc;ng nghệ LiteTraction cho ph&eacute;p gi&agrave;y Biti&rsquo;s Hunter Street đạt đến độ nhẹ tối ưu 300g/chiếc đồng thời đạt độ ma s&aacute;t cao, vững chắc trong từng bước ch&acirc;n v&agrave; thiết kế cải tiến sử dụng Vải Canvas 10OZ c&ocirc;ng nghệ đan 2 sợi nhẹ tho&aacute;ng những vẫn bền chặt, giữ đ&uacute;ng form d&aacute;ng sau thời gian d&agrave;i sử dụng. Với những ưu điểm tr&ecirc;n, Biti&rsquo;s Hunter Street sẽ l&agrave; người bạn đồng h&agrave;nh si&ecirc;u bền bỉ cho bạn trong c&aacute;c trải nghiệm đường phố mỗi ng&agrave;y.</p>\r\n\r\n<p style=\"text-align:center\"><img alt=\"\" height=\"600\" src=\"/ckfinder/userfiles/images/Product/vietmax_den_trang_5_d0ef12fc6e724fa1a16a38b55e24c046_grande.webp\" width=\"600\" /></p>\r\n\r\n<p style=\"text-align:center\"><img alt=\"\" height=\"600\" src=\"/ckfinder/userfiles/images/Product/vietmax_den_trang_4_c71178410d024af0b9eec5f263b0fd2a_grande.webp\" width=\"600\" /></p>\r\n\r\n<p style=\"text-align:center\"><img alt=\"\" height=\"600\" src=\"/ckfinder/userfiles/images/Product/vietmax_den_trang_2_afdec09a6b1944e29e1f5c1bb4d22727_grande.webp\" width=\"600\" /></p>\r\n\r\n<p>&nbsp;</p>', NULL, NULL, '2020-07-10 14:00:22', '2020-07-10 14:00:22'),
(99, 'ADIDAS SUPER STAR TRẮNG SỌC HỒNG NỮ', 'adidas-super-star-trang-soc-hong-nu', 'uploads/product/1594440381_adidas-superstar-trang-soc-hong-nu.jpg', 20, 650000, 550000, 1, 1, 1, 0, 16, 'adidas.com', 'ST2', 7, 2, 'Tulo\'s shop cung cấp giày Adidas Superstar chuẩn đẹp, chất lượng, giá cả hợp lý, cam kết chất lượng.', '<p>Một số h&igrave;nh ảnh về đ&ocirc;i gi&agrave;y thể thao Adidas Superstar trắng sọc hồng tại Tulo&#39;s shop:</p>\r\n\r\n<p style=\"text-align:center\"><img alt=\"\" height=\"375\" src=\"/ckfinder/userfiles/images/Product/adidas-superstar-trang-soc-hong-nu%20(1).jpg\" width=\"500\" /></p>\r\n\r\n<p style=\"text-align:center\"><img alt=\"\" height=\"375\" src=\"/ckfinder/userfiles/images/Product/adidas-superstar-trang-soc-hong-nu-1.jpg\" width=\"500\" /></p>\r\n\r\n<p style=\"text-align:center\"><img alt=\"\" height=\"375\" src=\"/ckfinder/userfiles/images/Product/adidas-superstar-trang-soc-hong-nu-2.jpg\" width=\"500\" /></p>\r\n\r\n<p style=\"text-align:center\"><img alt=\"\" height=\"375\" src=\"/ckfinder/userfiles/images/Product/adidas-superstar-trang-soc-hong-nu-3.jpg\" width=\"500\" /></p>\r\n\r\n<p style=\"text-align:center\"><img alt=\"\" height=\"375\" src=\"/ckfinder/userfiles/images/Product/adidas-super-star-trang-soc-hong-nu-4.jpg\" width=\"500\" /></p>\r\n\r\n<p>&nbsp;</p>', NULL, NULL, '2020-07-10 14:06:21', '2020-07-10 14:06:21'),
(100, 'ADIDAS OZWEEGO ICEY PINK/TRACE MAROON 1:1', 'adidas-ozweego-icey-pinktrace-maroon-11', 'uploads/product/1594440631_adidas-ozweego-icey-pink-trace-maroon-1-1.jpg', 20, 1200000, 1000000, 1, 1, 1, 0, 16, 'adidas.com', 'OZW2', 7, 2, 'Chưa có tóm tắt', '<h3><strong>ADIDAS OZWEEGO ICEY PINK/TRACE MAROON 1:1</strong></h3>\r\n\r\n<p>&nbsp;</p>\r\n\r\n<p style=\"text-align:center\"><img alt=\"\" height=\"390\" src=\"/ckfinder/userfiles/images/Product/adidas-ozweego-icey-pink-trace-maroon-1-1-1.jpg\" width=\"500\" /></p>\r\n\r\n<p style=\"text-align:center\"><img alt=\"\" height=\"355\" src=\"/ckfinder/userfiles/images/Product/adidas-ozweego-icey-pink-trace-maroon-1-1-3.jpg\" width=\"500\" /></p>\r\n\r\n<p style=\"text-align:center\"><img alt=\"\" height=\"372\" src=\"/ckfinder/userfiles/images/Product/adidas-ozweego-icey-pink-trace-maroon-1-1-6.jpg\" width=\"500\" /></p>\r\n\r\n<p>&nbsp;</p>', NULL, NULL, '2020-07-10 14:10:31', '2020-07-10 14:11:07'),
(101, 'ADIDAS YUNG CREAM BLACK PINK NỮ', 'adidas-yung-cream-black-pink-nu', 'uploads/product/1594460922_adidas-yung-cream-black-pink-nu.jpg', 20, 850000, 800000, 1, 1, 1, 0, 16, 'adidas.com', 'Y5', 7, 2, 'Chưa có tóm tắt', '<h3><strong>ADIDAS YUNG CREAM BLACK PINK NỮ</strong></h3>\r\n\r\n<p style=\"text-align:center\"><img alt=\"\" height=\"375\" src=\"/ckfinder/userfiles/images/Product/adidas-yung-cream-black-pink-nu-1.jpg\" width=\"500\" /></p>\r\n\r\n<p style=\"text-align:center\"><img alt=\"\" height=\"375\" src=\"/ckfinder/userfiles/images/Product/adidas-yung-cream-black-pink-nu-2.jpg\" width=\"500\" /></p>\r\n\r\n<p style=\"text-align:center\"><img alt=\"\" height=\"375\" src=\"/ckfinder/userfiles/images/Product/adidas-yung-cream-black-pink-nu-4.jpg\" width=\"500\" /></p>\r\n\r\n<p style=\"text-align:center\"><img alt=\"\" height=\"375\" src=\"/ckfinder/userfiles/images/Product/adidas-yung-cream-black-pink-nu-5.jpg\" width=\"500\" /></p>\r\n\r\n<p style=\"text-align:center\"><img alt=\"\" height=\"375\" src=\"/ckfinder/userfiles/images/Product/adidas-yung-cream-black-pink-nu%20(1).jpg\" width=\"500\" /></p>\r\n\r\n<p>&nbsp;</p>', NULL, NULL, '2020-07-10 19:48:42', '2020-07-10 19:48:42'),
(102, 'STAN SMITH ĐUÔI HOA NỮ', 'stan-smith-duoi-hoa-nu', 'uploads/product/1594461543_stan-smith-duoi-hoa-nu.jpg', 20, 650000, 600000, 1, 1, 1, 0, 16, 'adidas.com', 'STS6', 7, 2, 'Chưa có tóm tắt', '<p><strong>Đ&ocirc;i gi&agrave;y&nbsp;<a href=\"https://giaygiare.vn/giay-stan-smith\">Stan Smith</a>&nbsp;với h&oacute;a tiết hoa đỏ ph&iacute;a sau đu&ocirc;i gi&agrave;y bắt mắt, nhiều bạn nữ đ&atilde; say m&ecirc; ngay lần đầu nh&igrave;n thấy. Đ&aacute;nh v&ocirc; những bạn nữ mang phong c&aacute;ch dịu d&agrave;ng, nữ t&iacute;nh, dễ thương,&nbsp;<a href=\"https://giaygiare.vn/giay-adidas\">Adidas</a>&nbsp;cho ra đời đ&ocirc;i Stan Smith n&agrave;y c&oacute; thể kết hợp với nhiều kiểu trang phục kh&aacute;c nhau v&igrave; m&agrave;u chủ đạo của n&oacute; vẫn l&agrave; m&agrave;u trắng.<br />\r\nC&ugrave;ng xem một số h&igrave;nh ảnh về đ&ocirc;i gi&agrave;y n&agrave;y tại&nbsp;shop nh&eacute;:</strong></p>\r\n\r\n<p style=\"text-align:center\"><img alt=\"\" height=\"666\" src=\"/ckfinder/userfiles/images/Product/stan-smith-duoi-hoa-nu-2.jpg\" width=\"500\" /></p>\r\n\r\n<p style=\"text-align:center\"><img alt=\"\" height=\"666\" src=\"/ckfinder/userfiles/images/Product/stan-smith-duoi-hoa-nu-1.jpg\" width=\"500\" /></p>\r\n\r\n<p>&nbsp;</p>', NULL, NULL, '2020-07-10 19:59:03', '2020-07-10 19:59:03'),
(103, 'ADIDAS PROPHERE ORANGE BROWN NỮ', 'adidas-prophere-orange-brown-nu', 'uploads/product/1594461800_adidas-prophere-orange-brown-nu.jpg', 20, 900000, 800000, 1, 1, 1, 0, 16, 'adidas.com', 'PP29', 7, 2, 'Chưa có tóm tắt', '<h3><strong>ADIDAS PROPHERE ORANGE BROWN NỮ</strong></h3>\r\n\r\n<p style=\"text-align:center\"><img alt=\"\" height=\"411\" src=\"/ckfinder/userfiles/images/Product/adidas-prophere-orange-brown-nu-1.jpg\" width=\"500\" /></p>\r\n\r\n<p style=\"text-align:center\"><img alt=\"\" height=\"399\" src=\"/ckfinder/userfiles/images/Product/adidas-prophere-orange-brown-nu-2.jpg\" width=\"500\" /></p>\r\n\r\n<p style=\"text-align:center\"><img alt=\"\" height=\"390\" src=\"/ckfinder/userfiles/images/Product/adidas-prophere-orange-brown-nu-5.jpg\" width=\"500\" /></p>\r\n\r\n<p style=\"text-align:center\"><img alt=\"\" height=\"361\" src=\"/ckfinder/userfiles/images/Product/adidas-prophere-orange-brown-nu-6.jpg\" width=\"500\" /></p>\r\n\r\n<p>&nbsp;</p>', NULL, NULL, '2020-07-10 20:03:20', '2020-07-10 20:03:20'),
(104, 'ADIDAS PROPHERE XANH NGỌC - CLEAR MINT NỮ', 'adidas-prophere-xanh-ngoc-clear-mint-nu', 'uploads/product/1594462148_adidas-prophere-xanh-ngoc-clear-mint-nu.jpg', 20, 850000, 800000, 1, 1, 1, 0, 16, 'adidas.com', 'PP28', 7, 2, 'Chưa có tóm tắt', '<h3><strong>ADIDAS PROPHERE XANH NGỌC - CLEAR MINT NỮ</strong></h3>\r\n\r\n<p style=\"text-align:center\"><img alt=\"\" height=\"375\" src=\"/ckfinder/userfiles/images/Product/adidas-prophere-xanh-ngoc-clear-mint-nu-7.jpg\" width=\"500\" /></p>\r\n\r\n<p style=\"text-align:center\"><img alt=\"\" height=\"375\" src=\"/ckfinder/userfiles/images/Product/adidas-prophere-xanh-ngoc-clear-mint-nu-10.jpg\" width=\"500\" /></p>\r\n\r\n<p style=\"text-align:center\"><img alt=\"\" height=\"375\" src=\"/ckfinder/userfiles/images/Product/adidas-prophere-xanh-ngoc-clear-mint-nu-9.jpg\" width=\"500\" /></p>\r\n\r\n<p style=\"text-align:center\"><img alt=\"\" height=\"375\" src=\"/ckfinder/userfiles/images/Product/adidas-prophere-xanh-ngoc-clear-mint-nu-11.jpg\" width=\"500\" /></p>\r\n\r\n<p>&nbsp;</p>', NULL, NULL, '2020-07-10 20:09:08', '2020-07-10 20:09:08'),
(105, 'ADIZERO PRO W', 'adizero-pro-w', 'uploads/product/1594462648_adizero_PRO_W_Mau_hong_FW9242_01_standard.jpg', 20, 5000000, 4900000, 1, 1, 1, 0, 16, 'adidas.com', 'ADD2131', 7, 2, 'Chưa có tóm tắt', '<p style=\"text-align:center\"><img alt=\"\" height=\"500\" src=\"/ckfinder/userfiles/images/Product/adizero_PRO_W_Mau_hong_FW9242_010_hover_standard.jpg\" width=\"500\" /></p>\r\n\r\n<p style=\"text-align:center\"><img alt=\"\" height=\"500\" src=\"/ckfinder/userfiles/images/Product/adizero_PRO_W_Mau_hong_FW9242_04_standard.jpg\" width=\"500\" /></p>\r\n\r\n<p style=\"text-align:center\"><img alt=\"\" height=\"500\" src=\"/ckfinder/userfiles/images/Product/adizero_PRO_W_Mau_hong_FW9242_05_standard.jpg\" width=\"500\" /></p>\r\n\r\n<p style=\"text-align:center\"><img alt=\"\" height=\"500\" src=\"/ckfinder/userfiles/images/Product/adizero_PRO_W_Mau_hong_FW9242_03_standard.jpg\" width=\"500\" /></p>\r\n\r\n<p>&nbsp;</p>', NULL, NULL, '2020-07-10 20:17:28', '2020-07-10 20:17:28');
INSERT INTO `products` (`id`, `name`, `slug`, `image`, `stock`, `price`, `sale`, `position`, `is_active`, `is_hot`, `views`, `category_id`, `url`, `sku`, `brand_id`, `vendor_id`, `summary`, `description`, `meta_title`, `meta_description`, `created_at`, `updated_at`) VALUES
(106, 'ULTRABOOST DNA X DISNEY', 'ultraboost-dna-x-disney', 'uploads/product/1594463208_ULTRABOOST_DNA_X_DISNEY_Mau_trang_FV6049_01_standard.jpg', 20, 5000000, 4200000, 1, 1, 1, 0, 16, 'adidas.com', 'ADD987', 7, 2, 'Chưa có tóm tắt', '<p style=\"text-align:center\"><img alt=\"\" height=\"500\" src=\"/ckfinder/userfiles/images/Product/ULTRABOOST_DNA_X_DISNEY_Mau_trang_FV6049_04_standard.jpg\" width=\"500\" /></p>\r\n\r\n<p style=\"text-align:center\"><img alt=\"\" height=\"500\" src=\"/ckfinder/userfiles/images/Product/ULTRABOOST_DNA_X_DISNEY_Mau_trang_FV6049_05_standard.jpg\" width=\"500\" /></p>\r\n\r\n<p style=\"text-align:center\"><img alt=\"\" height=\"500\" src=\"/ckfinder/userfiles/images/Product/ULTRABOOST_DNA_X_DISNEY_Mau_trang_FV6049_010_hover_standard.jpg\" width=\"500\" /></p>\r\n\r\n<p>&nbsp;</p>', NULL, NULL, '2020-07-10 20:26:48', '2020-07-10 20:26:48'),
(107, 'ULTRABOOST 20 W', 'ultraboost-20-w', 'uploads/product/1594463535_ULTRABOOST_20_W_Mau_trang_FV8336_01_standard.jpg', 20, 5000000, 4800000, 1, 1, 1, 0, 16, 'adidas.com', 'ADD430', 7, 2, 'Chưa có tóm tắt', '<p style=\"text-align:center\"><img alt=\"\" height=\"500\" src=\"/ckfinder/userfiles/images/Product/ULTRABOOST_20_W_Mau_trang_FV8336_04_standard.jpg\" width=\"500\" /></p>\r\n\r\n<p style=\"text-align:center\"><img alt=\"\" height=\"500\" src=\"/ckfinder/userfiles/images/Product/ULTRABOOST_20_W_Mau_trang_FV8336_05_standard.jpg\" width=\"500\" /></p>\r\n\r\n<p style=\"text-align:center\"><img alt=\"\" height=\"500\" src=\"/ckfinder/userfiles/images/Product/ULTRABOOST_20_W_Mau_trang_FV8336_010_hover_standard.jpg\" width=\"500\" /></p>\r\n\r\n<p>&nbsp;</p>', NULL, NULL, '2020-07-10 20:32:15', '2020-07-10 20:32:15'),
(108, 'GIÀY SUPERNOVA', 'giay-supernova', 'uploads/product/1594463766_Giay_Supernova_Mau_hong_FV6021_01_standard.jpg', 20, 3000000, 2700000, 1, 1, 1, 0, 16, 'adidas.com', 'ADDPIK1', 7, 2, 'Chưa có tóm tắt', '<p style=\"text-align:center\"><img alt=\"\" height=\"500\" src=\"/ckfinder/userfiles/images/Product/Giay_Supernova_Mau_hong_FV6021_04_standard.jpg\" width=\"500\" /></p>\r\n\r\n<p style=\"text-align:center\"><img alt=\"\" height=\"500\" src=\"/ckfinder/userfiles/images/Product/Giay_Supernova_Mau_hong_FV6021_05_standard.jpg\" width=\"500\" /></p>\r\n\r\n<p style=\"text-align:center\"><img alt=\"\" height=\"500\" src=\"/ckfinder/userfiles/images/Product/Giay_Supernova_Mau_hong_FV6021_010_hover_standard.jpg\" width=\"500\" /></p>\r\n\r\n<p>&nbsp;</p>', NULL, NULL, '2020-07-10 20:36:06', '2020-07-10 20:36:06'),
(109, 'W POWERWRAP BOA', 'w-powerwrap-boa', 'uploads/product/1594471719_W_POWERWRAP_BOA_Mau_trang_FU9386_01_standard.jpg', 30, 4500000, 4200000, 1, 1, 1, 0, 16, 'adidas.com', 'ADD753', 7, 2, 'Chưa có tóm tắt', '<p style=\"text-align:center\"><img alt=\"\" height=\"500\" src=\"/ckfinder/userfiles/images/Product/W_POWERWRAP_BOA_Mau_trang_FU9386_04_standard.jpg\" width=\"500\" /></p>\r\n\r\n<p style=\"text-align:center\"><img alt=\"\" height=\"500\" src=\"/ckfinder/userfiles/images/Product/W_POWERWRAP_BOA_Mau_trang_FU9386_05_standard.jpg\" width=\"500\" /></p>\r\n\r\n<p style=\"text-align:center\"><img alt=\"\" height=\"500\" src=\"/ckfinder/userfiles/images/Product/W_POWERWRAP_BOA_Mau_trang_FU9386_010_hover_standard.jpg\" width=\"500\" /></p>\r\n\r\n<p>&nbsp;</p>', NULL, NULL, '2020-07-10 22:48:39', '2020-07-10 22:48:39'),
(110, 'Giày Lười Gucci GC Signature Leather Espadrilles New SS2019 Màu Đen', 'giay-luoi-gucci-gc-signature-leather-espadrilles-new-ss2019-mau-den', 'uploads/product/1594472124_giay-luoi-gucci-gc-signature-leather-espadrilles-new-ss2019-mau-den-5e742852c4af7-20032020092002.jpg', 20, 9900000, 8600000, 1, 1, 1, 0, 16, 'gucci.com', 'h022553', 9, 2, 'Kiểu dáng: Giày lười\r\nGiới tính: Nữ\r\nMàu sắc: Đen', '<p><strong>Gi&agrave;y Lười Gucci GC Signature Leather Espadrilles New SS2019 M&agrave;u Đen</strong>&nbsp;thiết kế đơn giản, kiểu d&aacute;ng hiện đại trẻ trung.</p>\r\n\r\n<p>Gi&agrave;y l&agrave;m từ&nbsp;<a href=\"https://vuahanghieu.com/giay/da-cao-cap\">chất liệu da cao cấp</a>, form gi&agrave;y chuẩn đẹp từng đường kim mũi chỉ đảm bảo h&agrave;i l&ograve;ng ngay cả với kh&aacute;ch h&agrave;ng kh&oacute; t&iacute;nh nhất.</p>\r\n\r\n<p>M&agrave;u sắc đen dễ d&agrave;ng kết hợp với nhiều trang phục kh&aacute;c nhau để thay đổi phong c&aacute;ch cho bản th&acirc;n theo sở th&iacute;ch.</p>\r\n\r\n<p style=\"text-align:center\"><img alt=\"\" height=\"500\" src=\"/ckfinder/userfiles/images/Product/giay-luoi-gucci-gc-signature-leather-espadrilles-new-ss2019-mau-den-5e742851cd6b7-20032020092001.jpg\" width=\"500\" /></p>\r\n\r\n<p style=\"text-align:center\"><img alt=\"\" height=\"500\" src=\"/ckfinder/userfiles/images/Product/giay-luoi-gucci-gc-signature-leather-espadrilles-new-ss2019-mau-den-5e74285212dbe-20032020092002.jpg\" width=\"500\" /></p>\r\n\r\n<p>Với Form d&aacute;ng &ocirc;m ch&acirc;n, đ&ocirc;i gi&agrave;y lười được nhiều người y&ecirc;u th&iacute;ch bởi sự tiện lợi, gọn nhẹ của n&oacute;, đ&acirc;y l&agrave; mẫu gi&agrave;y kh&ocirc;ng thể thiếu cho c&aacute;c t&iacute;n đồ thời trang nữ.</p>\r\n\r\n<h3>TH&Ocirc;NG TIN CHUNG</h3>\r\n\r\n<ul>\r\n	<li>KIỂU D&Aacute;NG: Gi&agrave;y lười</li>\r\n</ul>\r\n\r\n<ul>\r\n	<li>GIỚI T&Iacute;NH: Nữ</li>\r\n</ul>\r\n\r\n<ul>\r\n	<li>M&Agrave;U SẮC: Đen</li>\r\n</ul>\r\n\r\n<ul>\r\n	<li>CHẤT LIỆU: Da cao cấp</li>\r\n</ul>\r\n\r\n<ul>\r\n	<li>PHONG C&Aacute;CH: Hiện đại, trẻ trung</li>\r\n</ul>\r\n\r\n<ul>\r\n	<li>XUẤT XỨ: &Yacute;</li>\r\n</ul>\r\n\r\n<div id=\"gtx-trans\" style=\"position: absolute; left: 14px; top: 1394.2px;\">\r\n<div class=\"gtx-trans-icon\">&nbsp;</div>\r\n</div>', NULL, NULL, '2020-07-10 22:55:24', '2020-07-10 22:55:24'),
(111, 'Giày Gucci Leather Slip-on Sneaker With Bees Màu Đen Size 39', 'giay-gucci-leather-slip-on-sneaker-with-bees-mau-den-size-39', 'uploads/product/1594472369_giay-gucci-leather-slip-on-sneaker-with-bees-mau-den-5e08b4db284f9-29122019211451.jpg', 20, 16600000, 15000000, 1, 1, 1, 0, 16, 'gucci.com', 'h018999', 9, 2, 'Chưa có tóm tắt', '<p><a href=\"https://vuahanghieu.com/gucci/giay\">Gi&agrave;y Gucci</a>&nbsp;Slip On Sneaker With Bees, với h&igrave;nh ảnh những ch&uacute; ong, v&agrave; ng&ocirc;i sao mang đậm chất ri&ecirc;ng từ nh&agrave; thiết kế Alessandro Michele, được may tinh xảo tr&ecirc;n nền da đen thời trang, gam m&agrave;u v&agrave;ng - đen thời thượng.</p>\r\n\r\n<p>Với Form d&aacute;ng &ocirc;m ch&acirc;n, slip on ph&ugrave; hợp với tất cả mọi người bởi sự tiện lợi, gọn nhẹ của n&oacute;, thể hiện c&aacute; t&iacute;nh của chủ nh&acirc;n, đ&acirc;y l&agrave; mẫu gi&agrave;y kh&ocirc;ng thể thiếu cho c&aacute;c t&iacute;n đồ thời trang nữ.</p>\r\n\r\n<p style=\"text-align:center\"><img alt=\"\" height=\"500\" src=\"/ckfinder/userfiles/images/Product/giay-gucci-leather-slip-on-sneaker-with-bees-mau-den-5e08b4db0ce5d-29122019211451.jpg\" width=\"500\" /></p>\r\n\r\n<p>&nbsp;</p>', NULL, NULL, '2020-07-10 22:59:29', '2020-07-10 22:59:29'),
(112, 'Giày Gucci Ace Embroidered Sneaker White Leather With Bee Màu Trắng', 'giay-gucci-ace-embroidered-sneaker-white-leather-with-bee-mau-trang', 'uploads/product/1594472644_giay-gucci-men-s-ace-embroidered-sneaker-white-leather-with-bee-mau-trang-5ef166d4e30a6-23062020092004.jpg', 21, 15600000, 13500000, 1, 1, 1, 0, 16, 'gucci.com', 'h012755', 9, 2, 'Kiểu dáng: Giày thể thao\r\nGiới tính: Unisex\r\nMàu sắc: Trắng', '<p><strong>Gi&agrave;y Gucci&nbsp;Ace Embroidered Sneaker White Leather With Bee m&agrave;u trắng</strong>&nbsp;l&agrave; mẫu&nbsp;<a href=\"https://vuahanghieu.com/giay/sneakers\">gi&agrave;y sneakers</a>&nbsp;cổ thấp của Gucci với họa tiết con ong th&ecirc;u bằng chỉ v&agrave;ng - biểu tượng của thương hiệu&nbsp;<a href=\"https://vuahanghieu.com/gucci\">Gucci</a>&nbsp;tr&ecirc;n 3 sọc m&agrave;u.&nbsp;<strong>Con ong tr&ecirc;n gi&agrave;y</strong>&nbsp;l&agrave; một họa tiết được giới thiệu lần đầu ti&ecirc;n trong trang phục may sẵn của Gucci v&agrave;o những năm 1970.</p>\r\n\r\n<p style=\"text-align:center\"><img alt=\"\" height=\"500\" src=\"/ckfinder/userfiles/images/Product/giay-gucci-men-s-ace-embroidered-sneaker-white-leather-with-bee-5da4465b6d150-14102019165643(1).jpg\" width=\"500\" /></p>\r\n\r\n<p><a href=\"https://vuahanghieu.com/giay-gucci-men-s-ace-embroidered-sneaker-white-leather-with-bee-ph012755\">Gi&agrave;y Gucci&nbsp;Ace Embroidered Sneaker White Leather With Bee</a>&nbsp;được l&agrave;m bằng vật liệu được lựa chọn cẩn thận. Bảo vệ khỏi &aacute;nh s&aacute;ng trực tiếp, nhiệt v&agrave; mưa. Nếu n&oacute; trở n&ecirc;n ẩm ướt, h&atilde;y l&agrave;m kh&ocirc; n&oacute; ngay lập tức bằng một miếng vải mềm, phủ đầy&nbsp;<a href=\"https://vuahanghieu.com/giay\">đ&ocirc;i gi&agrave;y</a>&nbsp;bằng giấy lụa để gi&uacute;p duy tr&igrave; h&igrave;nh dạng v&agrave; hấp thụ độ ẩm, sau đ&oacute; lưu trữ trong t&uacute;i v&agrave; hộp flannel được cung cấp, l&agrave;m sạch bằng vải mềm hoặc kh&ocirc;.</p>\r\n\r\n<div id=\"gtx-trans\" style=\"position: absolute; left: 77px; top: 606.2px;\">\r\n<div class=\"gtx-trans-icon\">&nbsp;</div>\r\n</div>', NULL, NULL, '2020-07-10 23:04:04', '2020-07-10 23:04:04'),
(116, 'Nike Aqua Rift', 'nike-aqua-rift', 'uploads/product/1594474076_aqua-rift-shoe-C3VX3v (2).jpg', 20, 3700000, 3500000, 1, 1, 1, 0, 16, 'nike.vn', 'NK833', 8, 2, 'Chưa có tóm tắt', '<p>Blending features from 2 classic &#39;90s style influences, the Nike Aqua Rift takes retro beach style into the present with a futuristic silhouette and an exaggerated stance. Featuring the iconic split toe from Nike Air Rift, it looks like nothing else on the streets. Larger-than-life shapes and cartoonish colours from the Nike Aqua line put the upper in a time and place all of its own.</p>\r\n\r\n<p style=\"text-align:center\"><img alt=\"\" height=\"625\" src=\"/ckfinder/userfiles/images/Product/aqua-rift-shoe-C3VX3v.jpg\" width=\"500\" /></p>\r\n\r\n<p style=\"text-align:center\"><img alt=\"\" height=\"625\" src=\"/ckfinder/userfiles/images/Product/aqua-rift-shoe-C3VX3v%20(1).jpg\" width=\"500\" /></p>\r\n\r\n<p>&nbsp;</p>', NULL, NULL, '2020-07-10 23:27:56', '2020-07-10 23:27:56'),
(117, 'Nike Air Force 1 Shadow', 'nike-air-force-1-shadow', 'uploads/product/1594475785_air-force-1-shadow-shoe-mN8Glx (5).jpg', 20, 3500000, 3230000, 1, 1, 1, 0, 16, 'nike.vn', 'NK421', 8, 2, 'Chưa có tóm tắt', '<p>The Nike Air Force 1 Shadow puts a playful twist on the classic b-ball design. Using a layered approach, doubling the branding and exaggerating the midsole, it highlights AF-1 DNA with a bold, feminine look.</p>\r\n\r\n<p style=\"text-align:center\"><img alt=\"\" height=\"625\" src=\"/ckfinder/userfiles/images/Product/air-force-1-shadow-shoe-mN8Glx%20(4).jpg\" width=\"500\" /></p>\r\n\r\n<p style=\"text-align:center\"><img alt=\"\" height=\"625\" src=\"/ckfinder/userfiles/images/Product/air-force-1-shadow-shoe-mN8Glx.jpg\" width=\"500\" /></p>\r\n\r\n<p style=\"text-align:center\"><img alt=\"\" height=\"625\" src=\"/ckfinder/userfiles/images/Product/aqua-rift-shoe-C3VX3v%20(1)(1).jpg\" width=\"500\" /></p>\r\n\r\n<p>&nbsp;</p>', NULL, NULL, '2020-07-10 23:56:25', '2020-07-10 23:56:25'),
(118, 'Nike Renew Run', 'nike-renew-run', 'uploads/product/1594476244_renew-run-running-shoe-bCz58M (4).jpg', 25, 2700000, 2499000, 1, 1, 1, 0, 16, 'nike.vn', 'NK973', 8, 2, 'Chưa có tóm tắt', '<p>The Nike Renew Run keeps you moving with softer foam for a cushioned feel. Designed with the everyday runner in mind, this shoe delivers secure support and durable traction for comfort on the go.</p>\r\n\r\n<p style=\"text-align:center\"><img alt=\"\" height=\"625\" src=\"/ckfinder/userfiles/images/Product/renew-run-running-shoe-bCz58M%20(7).jpg\" width=\"500\" /></p>\r\n\r\n<p style=\"text-align:center\"><img alt=\"\" height=\"625\" src=\"/ckfinder/userfiles/images/Product/renew-run-running-shoe-bCz58M%20(5).jpg\" width=\"500\" /></p>\r\n\r\n<p>&nbsp;</p>', NULL, NULL, '2020-07-11 00:04:04', '2020-11-11 02:41:48'),
(119, 'Nike React Infinity Run Flyknit', 'nike-react-infinity-run-flyknit', 'uploads/product/1594476489_react-infinity-run-flyknit-running-shoe-xC1vr3.jpg', 16, 4699000, 3699000, 1, 1, 1, 0, 16, 'nike.vn', 'NK986', 8, 5, 'Chưa có tóm tắt', '<p>The Nike React Infinity Run Flyknit is designed to keep you on the run. More foam and improved upper details provide a secure and cushioned feel. Lace up and feel the potential as you hit the road.</p>\r\n\r\n<p style=\"text-align:center\"><img alt=\"\" height=\"625\" src=\"/ckfinder/userfiles/images/Product/react-infinity-run-flyknit-running-shoe-xC1vr3%20(3).jpg\" width=\"500\" /></p>\r\n\r\n<p style=\"text-align:center\"><img alt=\"\" height=\"625\" src=\"/ckfinder/userfiles/images/Product/react-infinity-run-flyknit-running-shoe-xC1vr3%20(5).jpg\" width=\"500\" /></p>\r\n\r\n<p style=\"text-align:center\"><img alt=\"\" height=\"625\" src=\"/ckfinder/userfiles/images/Product/react-infinity-run-flyknit-running-shoe-xC1vr3%20(6).jpg\" width=\"500\" /></p>\r\n\r\n<p>&nbsp;</p>', NULL, NULL, '2020-07-11 00:08:09', '2020-08-07 00:47:23'),
(120, 'Jordan Jumpman', 'jordan-jumpman', 'uploads/product/1594476720_jordan-jumpman-wristbands-D8PVKz.jpg', 19, 259000, 229000, 1, 1, 1, 0, 17, 'nike.vn', 'NK097', 8, 2, 'Chưa có tóm tắt', '<p>Channel the spirit of one of the greats in the Jordan Jumpman Wristbands. Made from stretchy material for a secure fit, they feature sweat-wicking technology to help keep you dry, comfortable and focused whether you&#39;re on or off the court.</p>', NULL, NULL, '2020-07-11 00:12:00', '2020-07-14 00:53:23');

-- --------------------------------------------------------

--
-- Cấu trúc bảng cho bảng `settings`
--

CREATE TABLE `settings` (
  `id` bigint(20) UNSIGNED NOT NULL,
  `company` varchar(255) COLLATE utf8mb4_unicode_ci DEFAULT NULL,
  `address` varchar(255) COLLATE utf8mb4_unicode_ci DEFAULT NULL,
  `address2` varchar(255) COLLATE utf8mb4_unicode_ci DEFAULT NULL,
  `image` varchar(255) COLLATE utf8mb4_unicode_ci DEFAULT NULL,
  `image2` varchar(255) COLLATE utf8mb4_unicode_ci DEFAULT NULL,
  `phone` int(11) DEFAULT NULL,
  `hotline` int(11) DEFAULT NULL,
  `tax` varchar(255) COLLATE utf8mb4_unicode_ci DEFAULT NULL,
  `facebook` varchar(255) COLLATE utf8mb4_unicode_ci DEFAULT NULL,
  `email` varchar(255) COLLATE utf8mb4_unicode_ci DEFAULT NULL,
  `introduce` varchar(255) COLLATE utf8mb4_unicode_ci DEFAULT NULL,
  `created_at` timestamp NULL DEFAULT NULL,
  `updated_at` timestamp NULL DEFAULT NULL
) ENGINE=InnoDB DEFAULT CHARSET=utf8mb4 COLLATE=utf8mb4_unicode_ci;

--
-- Đang đổ dữ liệu cho bảng `settings`
--

INSERT INTO `settings` (`id`, `company`, `address`, `address2`, `image`, `image2`, `phone`, `hotline`, `tax`, `facebook`, `email`, `introduce`, `created_at`, `updated_at`) VALUES
(1, 'Công Tỷ Cổ Phần 3 Thành Viên', '296 Lĩnh Nam, Quận Hoàng Mai, TP Hà Nội', 'Hà nội', 'uploads/setting/1592413680_logo-2.png', 'uploads/setting/1593342953_logo.png', 327874432, 327874432, '1212', 'https://www.facebook.com/', 'pull-man@gmail.com', NULL, NULL, NULL);

-- --------------------------------------------------------

--
-- Cấu trúc bảng cho bảng `users`
--

CREATE TABLE `users` (
  `id` bigint(20) UNSIGNED NOT NULL,
  `name` varchar(255) COLLATE utf8mb4_unicode_ci DEFAULT NULL,
  `email` varchar(255) COLLATE utf8mb4_unicode_ci NOT NULL,
  `password` varchar(255) COLLATE utf8mb4_unicode_ci NOT NULL,
  `phone` int(11) NOT NULL,
  `address` varchar(255) COLLATE utf8mb4_unicode_ci DEFAULT NULL,
  `remember_token` varchar(100) COLLATE utf8mb4_unicode_ci DEFAULT NULL,
  `created_at` timestamp NULL DEFAULT NULL,
  `updated_at` timestamp NULL DEFAULT NULL
) ENGINE=InnoDB DEFAULT CHARSET=utf8mb4 COLLATE=utf8mb4_unicode_ci;

-- --------------------------------------------------------

--
-- Cấu trúc bảng cho bảng `vendors`
--

CREATE TABLE `vendors` (
  `id` bigint(20) UNSIGNED NOT NULL,
  `name` varchar(255) COLLATE utf8mb4_unicode_ci NOT NULL,
  `slug` varchar(255) COLLATE utf8mb4_unicode_ci NOT NULL,
  `email` varchar(255) COLLATE utf8mb4_unicode_ci DEFAULT NULL,
  `phone` int(11) DEFAULT NULL,
  `image` varchar(255) COLLATE utf8mb4_unicode_ci DEFAULT NULL,
  `website` varchar(255) COLLATE utf8mb4_unicode_ci DEFAULT NULL,
  `address` varchar(255) COLLATE utf8mb4_unicode_ci NOT NULL,
  `position` int(11) NOT NULL,
  `is_active` varchar(255) COLLATE utf8mb4_unicode_ci NOT NULL DEFAULT '1',
  `created_at` timestamp NULL DEFAULT NULL,
  `updated_at` timestamp NULL DEFAULT NULL
) ENGINE=InnoDB DEFAULT CHARSET=utf8mb4 COLLATE=utf8mb4_unicode_ci;

--
-- Đang đổ dữ liệu cho bảng `vendors`
--

INSERT INTO `vendors` (`id`, `name`, `slug`, `email`, `phone`, `image`, `website`, `address`, `position`, `is_active`, `created_at`, `updated_at`) VALUES
(2, 'Minh Hiển', 'minh-hien', 'hiendeptrai2409@gmail.com', 869588581, 'uploads/category/1591529765_65166870_315962699287405_6234691942689538048_o.jpg', 'hien.com', 'aaa', 1, '1', '2020-06-06 21:36:05', '2020-06-11 01:00:46'),
(5, 'Thế Cao', 'the-cao', 'thecao@gmail.com', 976597870, 'uploads/category/1591887553_3f7b7b69ae55480b1144.jpg', 'cao.com', 'Đông Anh', 2, '1', '2020-06-11 00:59:13', '2020-06-11 01:02:59'),
(6, 'Nam Lưu', 'nam-luu', 'namlq.mhy@gmail.com', 123456789, 'uploads/category/1591887717_84456775_10157194963574635_6939476460847497216_o.jpg', 'nam.com', 'Bắc Ninh', 3, '1', '2020-06-11 01:01:57', '2020-07-20 01:32:38');

--
-- Chỉ mục cho các bảng đã đổ
--

--
-- Chỉ mục cho bảng `aboutus`
--
ALTER TABLE `aboutus`
  ADD PRIMARY KEY (`id`);

--
-- Chỉ mục cho bảng `admins`
--
ALTER TABLE `admins`
  ADD PRIMARY KEY (`id`),
  ADD UNIQUE KEY `admins_email_unique` (`email`);

--
-- Chỉ mục cho bảng `banners`
--
ALTER TABLE `banners`
  ADD PRIMARY KEY (`id`);

--
-- Chỉ mục cho bảng `blogs`
--
ALTER TABLE `blogs`
  ADD PRIMARY KEY (`id`),
  ADD KEY `blogs_admin_id_foreign` (`admin_id`);

--
-- Chỉ mục cho bảng `brands`
--
ALTER TABLE `brands`
  ADD PRIMARY KEY (`id`),
  ADD UNIQUE KEY `brands_name_unique` (`name`);

--
-- Chỉ mục cho bảng `categories`
--
ALTER TABLE `categories`
  ADD PRIMARY KEY (`id`),
  ADD UNIQUE KEY `categories_name_unique` (`name`),
  ADD KEY `categories_parent_id_foreign` (`parent_id`);

--
-- Chỉ mục cho bảng `comments`
--
ALTER TABLE `comments`
  ADD PRIMARY KEY (`id`),
  ADD KEY `comments_product_id_foreign` (`product_id`),
  ADD KEY `comments_blog_id_foreign` (`blog_id`);

--
-- Chỉ mục cho bảng `contacts`
--
ALTER TABLE `contacts`
  ADD PRIMARY KEY (`id`),
  ADD KEY `contacts_contact_status_id_foreign` (`contact_status_id`);

--
-- Chỉ mục cho bảng `contact_status`
--
ALTER TABLE `contact_status`
  ADD PRIMARY KEY (`id`);

--
-- Chỉ mục cho bảng `coupons`
--
ALTER TABLE `coupons`
  ADD PRIMARY KEY (`id`),
  ADD UNIQUE KEY `coupons_code_unique` (`code`);

--
-- Chỉ mục cho bảng `image_uploads`
--
ALTER TABLE `image_uploads`
  ADD PRIMARY KEY (`id`),
  ADD KEY `filenames_product_id_foreign` (`product_id`);

--
-- Chỉ mục cho bảng `migrations`
--
ALTER TABLE `migrations`
  ADD PRIMARY KEY (`id`);

--
-- Chỉ mục cho bảng `orders`
--
ALTER TABLE `orders`
  ADD PRIMARY KEY (`id`),
  ADD UNIQUE KEY `orders_code_unique` (`code`),
  ADD KEY `orders_coupon_id_foreign` (`coupon_id`),
  ADD KEY `orders_user_id_foreign` (`user_id`),
  ADD KEY `orders_order_status_id_foreign` (`order_status_id`);

--
-- Chỉ mục cho bảng `order_detail`
--
ALTER TABLE `order_detail`
  ADD PRIMARY KEY (`id`),
  ADD KEY `order_detail_order_id_foreign` (`order_id`),
  ADD KEY `order_detail_product_id_foreign` (`product_id`);

--
-- Chỉ mục cho bảng `order_status`
--
ALTER TABLE `order_status`
  ADD PRIMARY KEY (`id`),
  ADD UNIQUE KEY `order_status_name_unique` (`name`);

--
-- Chỉ mục cho bảng `pages`
--
ALTER TABLE `pages`
  ADD PRIMARY KEY (`id`),
  ADD UNIQUE KEY `pages_title_unique` (`title`);

--
-- Chỉ mục cho bảng `password_resets`
--
ALTER TABLE `password_resets`
  ADD KEY `password_resets_email_index` (`email`);

--
-- Chỉ mục cho bảng `products`
--
ALTER TABLE `products`
  ADD PRIMARY KEY (`id`),
  ADD UNIQUE KEY `products_name_unique` (`name`),
  ADD KEY `products_brand_id_foreign` (`brand_id`),
  ADD KEY `products_category_id_foreign` (`category_id`),
  ADD KEY `products_vendor_id_foreign` (`vendor_id`);

--
-- Chỉ mục cho bảng `settings`
--
ALTER TABLE `settings`
  ADD PRIMARY KEY (`id`);

--
-- Chỉ mục cho bảng `users`
--
ALTER TABLE `users`
  ADD PRIMARY KEY (`id`),
  ADD UNIQUE KEY `users_email_unique` (`email`),
  ADD UNIQUE KEY `users_phone_unique` (`phone`);

--
-- Chỉ mục cho bảng `vendors`
--
ALTER TABLE `vendors`
  ADD PRIMARY KEY (`id`),
  ADD UNIQUE KEY `vendors_name_unique` (`name`),
  ADD UNIQUE KEY `vendors_email_unique` (`email`);

--
-- AUTO_INCREMENT cho các bảng đã đổ
--

--
-- AUTO_INCREMENT cho bảng `aboutus`
--
ALTER TABLE `aboutus`
  MODIFY `id` bigint(20) UNSIGNED NOT NULL AUTO_INCREMENT, AUTO_INCREMENT=6;

--
-- AUTO_INCREMENT cho bảng `admins`
--
ALTER TABLE `admins`
  MODIFY `id` bigint(20) UNSIGNED NOT NULL AUTO_INCREMENT, AUTO_INCREMENT=11;

--
-- AUTO_INCREMENT cho bảng `banners`
--
ALTER TABLE `banners`
  MODIFY `id` bigint(20) UNSIGNED NOT NULL AUTO_INCREMENT, AUTO_INCREMENT=13;

--
-- AUTO_INCREMENT cho bảng `blogs`
--
ALTER TABLE `blogs`
  MODIFY `id` bigint(20) UNSIGNED NOT NULL AUTO_INCREMENT, AUTO_INCREMENT=24;

--
-- AUTO_INCREMENT cho bảng `brands`
--
ALTER TABLE `brands`
  MODIFY `id` bigint(20) UNSIGNED NOT NULL AUTO_INCREMENT, AUTO_INCREMENT=11;

--
-- AUTO_INCREMENT cho bảng `categories`
--
ALTER TABLE `categories`
  MODIFY `id` bigint(20) UNSIGNED NOT NULL AUTO_INCREMENT, AUTO_INCREMENT=60;

--
-- AUTO_INCREMENT cho bảng `comments`
--
ALTER TABLE `comments`
  MODIFY `id` bigint(20) UNSIGNED NOT NULL AUTO_INCREMENT, AUTO_INCREMENT=57;

--
-- AUTO_INCREMENT cho bảng `contacts`
--
ALTER TABLE `contacts`
  MODIFY `id` bigint(20) UNSIGNED NOT NULL AUTO_INCREMENT, AUTO_INCREMENT=21;

--
-- AUTO_INCREMENT cho bảng `contact_status`
--
ALTER TABLE `contact_status`
  MODIFY `id` bigint(20) UNSIGNED NOT NULL AUTO_INCREMENT, AUTO_INCREMENT=3;

--
-- AUTO_INCREMENT cho bảng `coupons`
--
ALTER TABLE `coupons`
  MODIFY `id` bigint(20) UNSIGNED NOT NULL AUTO_INCREMENT, AUTO_INCREMENT=6;

--
-- AUTO_INCREMENT cho bảng `image_uploads`
--
ALTER TABLE `image_uploads`
  MODIFY `id` bigint(20) UNSIGNED NOT NULL AUTO_INCREMENT, AUTO_INCREMENT=150;

--
-- AUTO_INCREMENT cho bảng `migrations`
--
ALTER TABLE `migrations`
  MODIFY `id` int(10) UNSIGNED NOT NULL AUTO_INCREMENT, AUTO_INCREMENT=168;

--
-- AUTO_INCREMENT cho bảng `orders`
--
ALTER TABLE `orders`
  MODIFY `id` bigint(20) UNSIGNED NOT NULL AUTO_INCREMENT, AUTO_INCREMENT=37;

--
-- AUTO_INCREMENT cho bảng `order_detail`
--
ALTER TABLE `order_detail`
  MODIFY `id` bigint(20) UNSIGNED NOT NULL AUTO_INCREMENT, AUTO_INCREMENT=75;

--
-- AUTO_INCREMENT cho bảng `order_status`
--
ALTER TABLE `order_status`
  MODIFY `id` bigint(20) UNSIGNED NOT NULL AUTO_INCREMENT, AUTO_INCREMENT=5;

--
-- AUTO_INCREMENT cho bảng `pages`
--
ALTER TABLE `pages`
  MODIFY `id` bigint(20) UNSIGNED NOT NULL AUTO_INCREMENT, AUTO_INCREMENT=3;

--
-- AUTO_INCREMENT cho bảng `products`
--
ALTER TABLE `products`
  MODIFY `id` bigint(20) UNSIGNED NOT NULL AUTO_INCREMENT, AUTO_INCREMENT=124;

--
-- AUTO_INCREMENT cho bảng `settings`
--
ALTER TABLE `settings`
  MODIFY `id` bigint(20) UNSIGNED NOT NULL AUTO_INCREMENT, AUTO_INCREMENT=2;

--
-- AUTO_INCREMENT cho bảng `users`
--
ALTER TABLE `users`
  MODIFY `id` bigint(20) UNSIGNED NOT NULL AUTO_INCREMENT;

--
-- AUTO_INCREMENT cho bảng `vendors`
--
ALTER TABLE `vendors`
  MODIFY `id` bigint(20) UNSIGNED NOT NULL AUTO_INCREMENT, AUTO_INCREMENT=7;

--
-- Các ràng buộc cho các bảng đã đổ
--

--
-- Các ràng buộc cho bảng `blogs`
--
ALTER TABLE `blogs`
  ADD CONSTRAINT `blogs_admin_id_foreign` FOREIGN KEY (`admin_id`) REFERENCES `admins` (`id`) ON DELETE SET NULL;

--
-- Các ràng buộc cho bảng `categories`
--
ALTER TABLE `categories`
  ADD CONSTRAINT `categories_parent_id_foreign` FOREIGN KEY (`parent_id`) REFERENCES `categories` (`id`) ON DELETE CASCADE;

--
-- Các ràng buộc cho bảng `comments`
--
ALTER TABLE `comments`
  ADD CONSTRAINT `comments_blog_id_foreign` FOREIGN KEY (`blog_id`) REFERENCES `blogs` (`id`),
  ADD CONSTRAINT `comments_product_id_foreign` FOREIGN KEY (`product_id`) REFERENCES `products` (`id`);

--
-- Các ràng buộc cho bảng `contacts`
--
ALTER TABLE `contacts`
  ADD CONSTRAINT `contacts_contact_status_id_foreign` FOREIGN KEY (`contact_status_id`) REFERENCES `contact_status` (`id`);

--
-- Các ràng buộc cho bảng `image_uploads`
--
ALTER TABLE `image_uploads`
  ADD CONSTRAINT `filenames_product_id_foreign` FOREIGN KEY (`product_id`) REFERENCES `products` (`id`) ON DELETE CASCADE;

--
-- Các ràng buộc cho bảng `orders`
--
ALTER TABLE `orders`
  ADD CONSTRAINT `orders_coupon_id_foreign` FOREIGN KEY (`coupon_id`) REFERENCES `coupons` (`id`),
  ADD CONSTRAINT `orders_order_status_id_foreign` FOREIGN KEY (`order_status_id`) REFERENCES `order_status` (`id`),
  ADD CONSTRAINT `orders_user_id_foreign` FOREIGN KEY (`user_id`) REFERENCES `users` (`id`);

--
-- Các ràng buộc cho bảng `order_detail`
--
ALTER TABLE `order_detail`
  ADD CONSTRAINT `order_detail_order_id_foreign` FOREIGN KEY (`order_id`) REFERENCES `orders` (`id`),
  ADD CONSTRAINT `order_detail_product_id_foreign` FOREIGN KEY (`product_id`) REFERENCES `products` (`id`) ON DELETE SET NULL ON UPDATE CASCADE;

--
-- Các ràng buộc cho bảng `products`
--
ALTER TABLE `products`
  ADD CONSTRAINT `products_brand_id_foreign` FOREIGN KEY (`brand_id`) REFERENCES `brands` (`id`) ON DELETE SET NULL ON UPDATE CASCADE,
  ADD CONSTRAINT `products_category_id_foreign` FOREIGN KEY (`category_id`) REFERENCES `categories` (`id`) ON DELETE SET NULL ON UPDATE CASCADE,
  ADD CONSTRAINT `products_vendor_id_foreign` FOREIGN KEY (`vendor_id`) REFERENCES `vendors` (`id`) ON DELETE SET NULL ON UPDATE CASCADE;
COMMIT;

/*!40101 SET CHARACTER_SET_CLIENT=@OLD_CHARACTER_SET_CLIENT */;
/*!40101 SET CHARACTER_SET_RESULTS=@OLD_CHARACTER_SET_RESULTS */;
/*!40101 SET COLLATION_CONNECTION=@OLD_COLLATION_CONNECTION */;
